date,tavg,tmin,tmax,prcp,snow,wdir,wspd,wpgt,pres,tsun
2022-01-01,11.6,10.1,12.5,1.9,0,232.0,12.6,39.2,1020.5,
2022-01-02,10.6,8.8,12.3,13.2,0,225.0,16.0,59.4,1010.4,
2022-01-03,8.1,6.3,9.9,2.2,0,241.0,17.4,60.8,1004.4,
2022-01-04,5.6,2.0,7.7,0.9,0,230.0,10.6,41.0,995.3,
2022-01-05,2.7,1.0,3.9,0.6,0,254.0,16.7,51.5,996.8,
2022-01-06,0.5,-2.2,4.3,0.2,0,248.0,8.2,35.6,1014.3,
2022-01-07,1.5,0.2,2.8,0.6,0,201.0,12.9,32.0,1010.2,
2022-01-08,1.9,1.1,3.4,0.8,0,209.0,13.9,42.8,1005.4,
2022-01-09,2.6,0.4,4.7,4.5,0,186.0,14.0,40.3,996.1,
2022-01-10,3.0,2.4,3.8,0.0,0,298.0,5.7,25.6,1019.4,
2022-01-11,2.0,1.1,3.0,0.1,0,167.0,7.4,23.8,1033.6,
2022-01-12,3.3,1.7,4.3,0.0,0,253.0,9.5,25.2,1036.3,
2022-01-13,4.8,3.8,6.3,0.0,0,264.0,17.5,40.3,1035.2,
2022-01-14,5.3,1.1,7.1,0.1,0,284.0,16.7,41.8,1031.5,
2022-01-15,2.0,-1.0,4.5,0.0,0,217.0,6.4,17.3,1029.1,
2022-01-16,3.5,1.0,5.9,0.9,0,240.0,14.6,44.3,1020.0,
2022-01-17,4.5,0.5,7.4,1.4,0,296.0,21.1,65.9,1024.5,
2022-01-18,5.3,2.8,7.1,0.0,0,276.0,9.2,28.1,1034.9,
2022-01-19,3.3,2.2,4.6,2.5,0,242.0,16.6,52.9,1021.9,
2022-01-20,0.6,-2.9,3.6,0.4,0,304.0,20.9,61.9,1018.2,
2022-01-21,1.5,-3.0,5.7,0.7,0,289.0,14.3,40.0,1026.2,
2022-01-22,5.4,4.8,6.3,1.4,0,300.0,10.3,41.0,1028.3,
2022-01-23,5.8,4.7,7.2,0.3,0,292.0,9.5,24.1,1033.6,
2022-01-24,4.3,3.2,4.8,0.0,0,276.0,6.9,22.0,1034.7,
2022-01-25,3.7,2.9,4.7,0.4,0,261.0,8.6,21.6,1032.5,
2022-01-26,2.8,2.0,3.6,0.1,0,252.0,14.8,39.6,1028.0,
2022-01-27,5.0,3.6,7.7,1.1,0,261.0,25.1,62.6,1016.2,
2022-01-28,4.5,3.2,6.8,1.9,0,288.0,20.2,67.0,1025.7,
2022-01-29,6.8,4.2,9.7,1.4,0,256.0,27.9,85.7,1015.6,
2022-01-30,5.3,3.2,6.5,0.0,0,295.0,32.9,83.9,1016.9,
2022-01-31,2.1,0.8,3.2,0.6,0,160.0,9.3,33.1,1007.8,
2022-02-01,4.1,1.4,6.7,6.2,0,267.0,20.2,64.8,1006.8,
2022-02-02,4.8,1.2,6.7,0.6,0,290.0,23.0,65.5,1011.2,
2022-02-03,5.3,1.8,7.7,4.3,0,213.0,11.2,37.8,1013.7,
2022-02-04,5.8,1.9,8.6,7.9,0,229.0,16.8,61.9,1005.6,
2022-02-05,3.9,1.3,5.9,4.8,0,247.0,21.6,55.1,1011.8,
2022-02-06,5.0,1.3,7.4,23.0,0,253.0,20.9,62.6,998.1,
2022-02-07,3.2,1.1,6.7,0.0,0,286.0,19.3,58.3,1011.6,
2022-02-08,7.0,3.5,8.6,4.6,0,254.0,18.1,48.2,1021.2,
2022-02-09,8.2,5.4,9.6,2.0,0,247.0,17.7,48.2,1021.1,
2022-02-10,5.7,2.1,7.5,3.0,0,251.0,9.1,29.2,1017.5,
2022-02-11,2.0,-1.8,5.4,0.3,0,259.0,8.6,43.9,1022.6,
2022-02-12,0.9,-2.1,5.4,0.0,0,183.0,9.0,32.4,1028.9,
2022-02-13,3.4,-0.5,7.5,0.0,0,181.0,13.4,34.2,1013.8,
2022-02-14,8.1,4.9,13.0,0.1,0,191.0,15.4,39.2,1002.2,
2022-02-15,6.6,4.7,8.9,2.8,0,221.0,16.6,51.1,1005.9,
2022-02-16,8.3,5.2,12.3,20.2,0,222.0,23.0,76.0,993.6,
2022-02-17,6.7,3.8,10.4,8.3,0,269.0,33.6,102.6,992.2,
2022-02-18,6.0,3.3,9.7,5.8,0,220.0,23.2,97.6,997.1,
2022-02-19,4.1,2.0,6.0,3.1,0,245.0,28.8,96.5,1002.4,
2022-02-20,5.5,2.3,9.9,15.2,0,225.0,18.6,63.7,1001.0,
2022-02-21,4.4,2.7,9.9,2.2,0,254.0,24.9,79.6,992.0,
2022-02-22,5.4,2.9,7.7,2.6,0,268.0,20.2,63.7,1009.8,
2022-02-23,6.3,3.3,10.4,0.0,0,248.0,16.2,53.6,1019.0,
2022-02-24,6.5,1.6,10.6,1.0,0,210.0,17.3,73.4,1008.7,
2022-02-25,3.6,1.8,6.6,1.9,0,256.0,19.9,53.6,1015.0,
2022-02-26,4.1,0.0,9.2,0.0,0,358.0,10.1,37.8,1032.4,
2022-02-27,2.4,-2.1,8.8,0.0,0,124.0,8.9,29.2,1036.6,
2022-02-28,0.9,-1.9,5.7,0.0,0,141.0,11.4,37.1,1034.7,
2022-03-01,2.2,-2.6,8.0,0.0,0,151.0,9.8,33.5,1030.9,
2022-03-02,3.0,-1.8,9.2,0.0,0,66.0,4.5,18.4,1026.3,
2022-03-03,-0.2,-2.1,4.1,0.0,0,42.0,6.6,21.2,1023.0,
2022-03-04,1.3,-1.9,5.3,0.0,0,89.0,6.3,30.2,1025.1,
2022-03-05,1.3,-3.9,7.3,0.0,0,91.0,7.1,22.3,1025.6,
2022-03-06,0.8,-3.0,4.5,0.0,0,21.0,5.7,24.8,1027.2,
2022-03-07,1.4,-4.2,8.6,0.0,0,346.0,4.2,23.0,1027.7,
2022-03-08,2.9,-3.9,10.8,0.0,0,133.0,5.4,22.0,1026.4,
2022-03-09,4.7,-2.2,12.7,0.0,0,139.0,6.2,17.6,1026.3,
2022-03-10,5.6,0.3,12.3,0.0,0,124.0,13.5,43.2,1028.7,
2022-03-11,3.6,-1.4,9.1,0.0,0,130.0,21.7,53.3,1025.5,
2022-03-12,4.8,-0.6,12.0,0.0,0,135.0,17.2,46.1,1022.4,
2022-03-13,5.7,-1.1,12.3,0.0,0,128.0,14.6,40.7,1020.0,
2022-03-14,5.9,-0.4,10.8,2.1,0,193.0,9.4,30.2,1024.0,
2022-03-15,6.6,1.2,11.9,0.2,0,167.0,5.9,20.2,1027.2,
2022-03-16,7.3,2.1,12.6,0.0,0,118.0,8.6,31.0,1027.4,
2022-03-17,5.8,-0.4,8.1,3.8,0,200.0,13.0,40.0,1029.0,
2022-03-18,5.2,-2.0,13.4,0.0,0,347.0,4.7,25.2,1043.0,
2022-03-19,5.2,-1.0,11.6,0.0,0,63.0,12.1,40.3,1045.3,
2022-03-20,6.5,0.4,13.1,0.0,0,110.0,19.7,55.4,1036.9,
2022-03-21,7.6,2.6,13.9,0.0,0,140.0,13.2,37.8,1034.3,
2022-03-22,9.0,1.9,17.5,0.0,0,140.0,6.7,20.2,1033.7,
2022-03-23,8.4,-1.6,17.6,0.0,0,72.0,5.2,23.0,1032.3,
2022-03-24,8.3,0.3,16.4,0.0,0,115.0,4.7,21.2,1030.1,
2022-03-25,9.1,1.1,17.5,0.0,0,288.0,6.2,26.3,1030.0,
2022-03-26,8.5,2.7,15.1,0.0,0,297.0,9.9,34.9,1030.4,
2022-03-27,7.7,1.3,15.7,0.0,0,291.0,5.3,20.9,1031.0,
2022-03-28,6.7,3.7,11.9,0.0,0,302.0,10.1,30.2,1022.9,
2022-03-29,6.8,1.4,11.8,0.0,0,304.0,13.0,37.8,1012.3,
2022-03-30,3.3,1.2,5.8,1.1,0,36.0,5.3,22.0,1006.3,
2022-03-31,2.9,0.5,6.3,0.1,0,74.0,18.2,46.4,1004.9,
2022-04-01,3.0,-0.3,6.5,0.0,0,46.0,20.3,47.2,1009.4,
2022-04-02,1.8,-3.2,6.7,0.0,0,31.0,13.9,40.3,1016.8,
2022-04-03,2.3,-4.1,7.9,0.1,0,268.0,8.6,37.8,1019.0,
2022-04-04,3.7,1.1,6.9,8.3,0,240.0,22.3,63.0,1004.7,
2022-04-05,5.8,3.3,8.4,6.6,0,277.0,12.2,54.0,1001.3,
2022-04-06,9.2,8.0,10.5,0.4,0,232.0,18.4,47.9,997.0,
2022-04-07,8.0,4.7,11.1,14.1,0,231.0,23.2,69.1,983.7,
2022-04-08,4.9,2.4,9.1,3.1,0,272.0,19.3,70.6,992.0,
2022-04-09,4.8,1.5,9.9,0.7,0,278.0,17.9,60.8,1002.8,
2022-04-10,4.2,1.4,8.7,0.5,0,275.0,16.6,58.0,1015.5,
2022-04-11,6.6,-0.7,13.1,0.0,0,277.0,6.9,23.8,1019.5,
2022-04-12,10.5,2.8,17.5,0.0,0,117.0,12.6,39.2,1016.9,
2022-04-13,14.9,7.8,23.1,4.6,0,178.0,10.1,32.0,1015.7,
2022-04-14,12.0,7.6,16.7,0.0,0,278.0,9.2,38.9,1019.4,
2022-04-15,7.9,4.2,9.8,0.0,0,340.0,12.7,34.6,1026.0,
2022-04-16,7.1,-0.8,14.2,0.0,0,70.0,8.7,30.6,1035.1,
2022-04-17,8.4,-0.6,15.9,0.0,0,133.0,5.5,24.8,1031.1,
2022-04-18,9.7,0.8,16.8,0.0,0,106.0,6.4,24.8,1021.8,
2022-04-19,9.1,1.6,16.0,0.0,0,63.0,9.3,32.8,1017.5,
2022-04-20,9.2,2.6,16.5,0.0,0,41.0,10.2,34.2,1018.4,
2022-04-21,9.3,2.4,14.3,0.0,0,44.0,10.4,32.0,1015.4,
2022-04-22,10.0,3.4,16.9,0.0,0,63.0,12.3,42.1,1012.0,
2022-04-23,11.3,4.4,18.4,0.0,0,81.0,13.6,39.6,1011.1,
2022-04-24,9.3,5.8,15.5,0.1,0,47.0,15.5,37.8,1007.6,
2022-04-25,9.7,5.5,16.5,0.0,0,49.0,10.9,37.8,1012.3,
2022-04-26,10.1,2.6,16.7,0.0,0,54.0,5.8,24.5,1017.0,
2022-04-27,9.9,4.2,16.6,0.0,0,321.0,7.3,26.3,1024.3,
2022-04-28,9.2,1.9,17.1,0.0,0,315.0,6.1,32.4,1029.1,
2022-04-29,8.8,2.7,15.4,0.0,0,328.0,6.8,31.0,1028.7,
2022-04-30,9.0,2.4,14.2,0.0,0,330.0,7.3,25.9,1025.2,
2022-05-01,10.3,5.6,14.6,0.0,0,334.0,6.6,22.7,1023.4,
2022-05-02,11.3,4.7,19.2,0.0,0,350.0,5.5,27.0,1020.2,
2022-05-03,9.0,2.7,15.4,0.0,0,294.0,7.3,32.0,1018.0,
2022-05-04,9.3,1.4,16.7,0.0,0,265.0,5.5,27.0,1018.7,
2022-05-05,10.7,1.9,18.5,0.0,0,330.0,6.6,28.4,1021.4,
2022-05-06,13.6,4.4,21.0,0.0,0,248.0,3.4,19.1,1024.2,
2022-05-07,14.4,7.5,20.4,0.0,0,289.0,6.1,33.5,1022.8,
2022-05-08,10.9,3.7,18.0,0.0,0,346.0,9.5,29.5,1026.7,
2022-05-09,13.9,4.1,22.4,0.0,0,125.0,7.1,26.3,1027.3,
2022-05-10,17.6,10.8,27.0,1.2,0,204.0,10.9,36.7,1017.5,
2022-05-11,17.2,11.4,25.1,0.9,0,245.0,9.9,41.4,1010.0,
2022-05-12,14.4,9.0,20.7,0.0,0,276.0,13.6,56.2,1013.7,
2022-05-13,12.9,8.4,18.6,0.0,0,249.0,9.7,41.0,1016.5,
2022-05-14,14.1,7.9,20.0,0.0,0,281.0,11.6,37.8,1019.2,
2022-05-15,14.2,4.9,22.4,0.0,0,86.0,4.6,28.1,1021.9,
2022-05-16,18.2,9.0,26.3,6.6,0,107.0,10.4,34.6,1017.8,
2022-05-17,15.9,12.9,19.7,6.7,0,294.0,4.3,22.0,1019.7,
2022-05-18,19.6,11.2,27.3,0.0,0,148.0,10.7,34.2,1022.3,
2022-05-19,21.2,16.1,29.3,3.0,0,181.0,10.7,40.7,1018.1,
2022-05-20,16.9,12.9,21.9,0.0,0,296.0,8.9,32.8,1017.0,
2022-05-21,13.8,9.6,19.8,0.1,0,278.0,18.8,78.1,1016.0,
2022-05-22,13.2,7.3,19.7,0.0,0,307.0,6.4,22.3,1016.6,
2022-05-23,17.2,8.2,23.3,0.6,0,127.0,14.3,42.5,1006.7,
2022-05-24,15.4,9.9,19.6,0.7,0,225.0,15.1,46.1,1002.8,
2022-05-25,14.6,8.7,20.1,0.1,0,234.0,8.8,46.1,1012.7,
2022-05-26,14.9,12.4,19.9,3.6,0,262.0,15.6,48.6,1015.9,
2022-05-27,12.6,7.6,17.8,7.4,0,271.0,19.3,58.3,1015.6,
2022-05-28,10.5,7.0,14.8,4.6,0,286.0,20.6,56.9,1014.3,
2022-05-29,10.3,8.3,13.4,1.7,0,258.0,10.8,29.2,1011.5,
2022-05-30,10.1,7.0,12.8,1.5,0,274.0,7.7,27.0,1012.4,
2022-05-31,11.7,4.6,17.8,4.0,0,140.0,4.2,18.7,1014.4,
2022-06-01,11.6,7.5,18.2,0.1,0,266.0,6.6,42.1,1013.3,
2022-06-02,12.6,6.2,19.0,0.0,0,276.0,9.5,33.8,1019.8,
2022-06-03,15.1,5.4,22.6,0.0,0,74.0,6.0,27.7,1021.2,
2022-06-04,15.7,9.0,22.5,0.0,0,35.0,9.6,28.4,1021.3,
2022-06-05,18.3,9.1,25.9,7.2,0,93.0,9.3,30.6,1018.3,
2022-06-06,18.1,13.1,24.1,0.0,0,208.0,11.9,46.4,1012.3,
2022-06-07,15.8,11.2,20.9,0.0,0,233.0,11.6,43.9,1011.5,
2022-06-08,16.7,9.0,23.9,0.0,0,193.0,5.4,35.3,1008.1,
2022-06-09,16.9,10.5,22.9,0.0,0,271.0,10.4,38.2,1010.6,
2022-06-10,17.4,9.4,23.2,0.0,0,237.0,7.9,45.4,1020.6,
2022-06-11,20.6,13.0,27.0,0.0,0,244.0,10.5,43.6,1020.4,
2022-06-12,17.4,10.1,25.6,0.0,0,296.0,8.5,49.3,1020.0,
2022-06-13,13.4,7.7,19.7,2.6,0,288.0,13.7,55.1,1019.0,
2022-06-14,13.8,7.1,19.3,0.0,0,297.0,9.4,31.7,1021.9,
2022-06-15,17.4,10.5,24.7,0.0,0,66.0,5.6,27.0,1019.8,
2022-06-16,16.5,10.8,24.2,0.0,0,348.0,10.5,38.5,1020.3,
2022-06-17,18.3,9.2,24.6,0.0,0,251.0,5.4,23.0,1023.2,
2022-06-18,22.2,15.2,30.3,0.0,0,268.0,11.6,37.8,1015.4,
2022-06-19,16.4,11.7,24.2,1.0,0,8.0,11.9,39.2,1010.2,
2022-06-20,14.4,9.7,21.0,3.1,0,311.0,10.9,47.9,1012.4,
2022-06-21,16.8,9.0,25.0,0.0,0,288.0,8.8,28.1,1014.4,
2022-06-22,18.3,9.8,26.3,0.0,0,349.0,6.6,25.9,1013.3,
2022-06-23,21.8,11.4,30.6,0.0,0,109.0,6.7,24.8,1013.7,
2022-06-24,23.0,17.2,32.3,0.2,0,156.0,12.6,64.1,1007.5,
2022-06-25,22.2,16.4,29.1,0.0,0,272.0,6.3,28.1,1010.7,
2022-06-26,23.2,17.4,31.3,0.0,0,228.0,8.7,40.7,1013.6,
2022-06-27,20.9,14.7,27.4,0.3,0,328.0,9.4,40.0,1013.8,
2022-06-28,19.1,13.2,26.0,0.0,0,288.0,7.3,25.9,1020.0,
2022-06-29,21.3,14.1,29.1,0.0,0,103.0,11.0,32.8,1016.9,
2022-06-30,22.5,13.9,30.0,1.9,0,93.0,7.7,24.8,1012.4,
2022-07-01,17.1,12.8,21.7,3.2,0,251.0,11.5,37.1,1014.5,
2022-07-02,19.1,11.7,26.5,0.0,0,187.0,7.2,27.4,1021.2,
2022-07-03,21.7,13.3,29.9,2.2,0,226.0,10.3,62.3,1016.2,
2022-07-04,17.8,12.0,24.9,0.0,0,290.0,11.7,37.1,1018.0,
2022-07-05,16.8,11.0,24.8,0.0,0,277.0,9.7,44.6,1020.3,
2022-07-06,15.7,11.2,21.4,10.6,0,274.0,11.1,36.7,1021.6,
2022-07-07,15.8,13.0,20.3,3.0,0,272.0,15.4,54.4,1017.5,
2022-07-08,16.2,11.2,21.9,0.0,0,297.0,16.3,38.5,1026.1,
2022-07-09,16.5,12.1,23.4,0.9,0,291.0,16.1,49.0,1023.6,
2022-07-10,15.0,9.7,21.7,0.0,0,306.0,17.9,49.0,1021.0,
2022-07-11,16.8,9.9,24.4,0.0,0,311.0,10.5,34.6,1021.9,
2022-07-12,18.6,10.8,27.0,0.0,0,297.0,7.8,29.5,1023.6,
2022-07-13,21.5,12.1,30.6,0.0,0,240.0,11.0,45.0,1018.4,
2022-07-14,15.4,9.9,22.3,0.0,0,300.0,11.9,44.3,1018.5,
2022-07-15,15.4,9.9,21.6,0.5,0,284.0,14.2,40.3,1019.7,
2022-07-16,15.9,9.3,21.9,0.3,0,286.0,15.9,53.3,1020.5,
2022-07-17,16.5,8.9,24.8,0.0,0,294.0,8.8,29.5,1026.1,
2022-07-18,21.2,11.9,30.9,0.0,0,190.0,5.4,22.3,1023.4,
2022-07-19,25.6,13.6,36.0,0.0,0,110.0,5.5,27.0,1019.0,
2022-07-20,28.2,19.7,39.9,0.0,0,143.0,12.3,48.6,1015.6,
2022-07-21,20.3,16.9,26.6,5.1,0,288.0,11.8,46.1,1015.6,
2022-07-22,17.8,15.2,22.0,0.7,0,272.0,10.8,30.6,1017.7,
2022-07-23,16.3,10.9,22.0,0.0,0,289.0,9.2,46.1,1018.0,
2022-07-24,20.8,9.3,30.6,0.0,0,194.0,6.7,28.4,1018.3,
2022-07-25,23.8,16.1,33.7,0.5,0,205.0,12.9,67.3,1009.1,
2022-07-26,17.2,11.3,22.4,0.8,0,285.0,14.1,42.5,1012.6,
2022-07-27,15.5,9.0,22.0,0.0,0,289.0,12.2,40.7,1017.9,
2022-07-28,15.1,6.8,22.1,0.0,0,38.0,5.4,24.5,1020.1,
2022-07-29,19.6,12.3,28.4,0.0,0,76.0,9.6,32.0,1018.1,
2022-07-30,20.2,16.0,28.6,0.4,0,45.0,6.2,31.0,1016.3,
2022-07-31,19.3,14.7,28.4,6.2,0,249.0,4.7,21.2,1015.8,
2022-08-01,18.0,10.0,24.0,0.1,0,292.0,12.0,38.2,1015.3,
2022-08-02,18.9,7.6,28.1,0.0,0,210.0,5.5,27.4,1017.7,
2022-08-03,25.7,17.8,34.1,0.0,0,205.0,7.5,31.7,1014.7,
2022-08-04,25.7,17.4,37.2,1.4,0,227.0,7.3,61.6,1012.4,
2022-08-05,16.4,10.8,19.9,4.7,0,316.0,11.6,34.6,1015.5,
2022-08-06,15.4,9.0,23.0,0.0,0,298.0,9.7,33.5,1025.3,
2022-08-07,16.4,7.8,24.2,0.0,0,277.0,5.2,24.8,1025.4,
2022-08-08,17.9,9.9,25.7,0.0,0,359.0,5.8,28.8,1025.1,
2022-08-09,19.1,11.6,26.9,0.0,0,23.0,6.6,34.2,1027.9,
2022-08-10,20.5,12.3,28.1,0.0,0,69.0,6.5,24.5,1027.5,
2022-08-11,22.2,13.0,30.7,0.0,0,66.0,7.5,29.2,1024.0,
2022-08-12,23.0,13.6,31.8,0.0,0,110.0,7.7,31.0,1021.4,
2022-08-13,23.3,14.6,31.5,0.0,0,82.0,7.3,31.7,1018.5,
2022-08-14,25.0,17.7,33.2,0.0,0,94.0,8.9,31.0,1011.7,
2022-08-15,22.0,16.9,31.7,27.0,0,134.0,8.4,46.4,1004.7,
2022-08-16,21.9,17.7,28.9,0.6,0,224.0,7.2,32.0,1007.5,
2022-08-17,22.4,16.4,30.6,12.4,0,114.0,5.9,31.7,1011.0,
2022-08-18,20.8,16.5,27.1,0.3,0,267.0,8.8,31.3,1011.0,
2022-08-19,18.6,16.0,23.0,1.7,0,304.0,9.6,31.0,1012.0,
2022-08-20,19.0,12.8,24.2,0.0,0,303.0,8.3,34.6,1014.7,
2022-08-21,18.3,10.8,27.0,0.0,0,248.0,6.1,25.9,1015.8,
2022-08-22,20.3,14.0,27.4,0.0,0,69.0,6.5,24.8,1016.4,
2022-08-23,21.1,14.6,28.7,0.0,0,126.0,9.4,31.0,1017.9,
2022-08-24,21.6,14.6,29.1,0.0,0,115.0,9.2,27.7,1020.2,
2022-08-25,21.3,16.0,28.7,0.0,0,97.0,8.9,28.4,1018.9,
2022-08-26,22.0,17.8,29.5,5.4,0,85.0,7.7,41.8,1013.5,
2022-08-27,18.3,12.5,22.2,0.0,0,316.0,10.4,29.2,1013.9,
2022-08-28,16.2,11.1,23.1,0.0,0,297.0,11.7,38.5,1017.2,
2022-08-29,17.4,12.7,23.8,0.0,0,314.0,9.8,28.8,1020.0,
2022-08-30,16.6,10.4,23.2,0.0,0,27.0,7.7,31.3,1022.7,
2022-08-31,15.5,7.6,23.4,0.0,0,63.0,8.4,28.1,1024.2,
2022-09-01,15.8,8.9,23.0,0.0,0,68.0,8.0,31.0,1023.7,
2022-09-02,16.1,9.8,24.0,0.0,0,103.0,10.3,33.1,1020.3,
2022-09-03,16.9,10.5,23.5,0.0,0,106.0,13.0,43.9,1017.6,
2022-09-04,18.1,11.2,25.7,0.0,0,104.0,11.2,34.6,1020.7,
2022-09-05,19.4,14.2,26.0,0.0,0,106.0,13.9,37.4,1023.1,
2022-09-06,16.6,14.1,19.8,0.0,0,109.0,12.9,33.8,1019.4,
2022-09-07,17.1,13.4,23.2,1.6,0,122.0,7.7,26.3,1013.5,
2022-09-08,14.3,13.1,16.0,14.8,0,127.0,6.3,23.8,1009.2,
2022-09-09,15.3,11.8,21.2,19.2,0,172.0,7.0,38.2,1009.5,
2022-09-10,15.4,12.9,18.8,0.4,0,227.0,4.3,16.6,1011.8,
2022-09-11,15.9,11.4,22.4,0.0,0,344.0,7.3,24.5,1017.1,
2022-09-12,15.8,9.2,22.1,3.4,0,167.0,5.2,20.2,1016.3,
2022-09-13,15.8,11.3,21.8,0.2,0,249.0,11.2,34.6,1008.5,
2022-09-14,14.1,10.3,19.6,0.1,0,268.0,8.0,34.2,1005.7,
2022-09-15,13.4,10.3,19.1,2.8,0,267.0,11.9,38.5,1003.9,
2022-09-16,11.6,9.5,16.7,11.5,0,255.0,17.2,51.8,1003.8,
2022-09-17,11.1,8.7,14.9,3.5,0,275.0,14.9,52.2,1004.8,
2022-09-18,9.6,7.7,13.8,4.8,0,272.0,15.0,66.2,1007.1,
2022-09-19,10.5,6.6,17.7,5.5,0,290.0,9.9,43.2,1013.2,
2022-09-20,10.0,5.8,17.3,0.0,0,285.0,6.9,28.4,1020.6,
2022-09-21,10.4,4.8,17.9,0.0,0,293.0,3.7,20.2,1026.1,
2022-09-22,10.8,5.1,18.1,0.0,0,158.0,5.1,21.2,1024.3,
2022-09-23,12.6,7.8,19.1,0.8,0,167.0,7.0,24.1,1017.5,
2022-09-24,12.1,10.7,13.8,5.2,0,150.0,3.9,13.7,1013.2,
2022-09-25,11.4,6.7,14.7,0.3,0,283.0,5.9,24.1,1012.1,
2022-09-26,10.5,6.9,13.8,5.1,0,197.0,13.0,37.8,1002.2,
2022-09-27,10.0,7.6,13.0,3.2,0,218.0,10.4,33.8,993.6,
2022-09-28,8.2,5.2,13.3,0.0,0,205.0,4.5,18.7,996.6,
2022-09-29,8.5,3.8,13.5,1.5,0,200.0,5.9,24.5,1002.2,
2022-09-30,10.3,6.3,16.8,0.8,0,189.0,7.7,28.4,1008.9,
2022-10-01,10.7,7.7,16.1,5.3,0,211.0,15.4,53.6,1004.4,
2022-10-02,11.7,9.3,16.7,1.3,0,266.0,15.1,46.1,1013.3,
2022-10-03,12.1,8.4,16.8,0.0,0,297.0,13.9,40.3,1022.6,
2022-10-04,12.6,9.1,18.5,0.0,0,217.0,7.5,26.6,1020.9,
2022-10-05,14.2,10.5,17.9,0.0,0,211.0,13.4,40.0,1015.4,
2022-10-06,13.5,8.1,17.7,0.0,0,250.0,17.5,57.6,1023.5,
2022-10-07,11.0,5.7,17.0,0.0,0,201.0,9.7,38.2,1022.9,
2022-10-08,10.7,6.6,16.0,2.0,0,244.0,13.7,49.7,1017.1,
2022-10-09,9.6,5.5,16.2,0.0,0,182.0,6.6,23.8,1024.2,
2022-10-10,10.5,5.1,17.6,0.7,0,196.0,12.4,38.9,1016.4,
2022-10-11,10.2,5.6,15.9,0.0,0,251.0,8.5,28.4,1024.4,
2022-10-12,10.7,6.7,16.1,0.0,0,160.0,6.4,26.3,1024.7,
2022-10-13,11.2,5.9,16.6,0.1,0,181.0,7.5,23.8,1018.0,
2022-10-14,13.3,11.7,16.8,0.0,0,184.0,6.6,22.7,1012.8,
2022-10-15,14.5,10.8,17.9,0.0,0,202.0,9.1,31.0,1006.8,
2022-10-16,13.7,10.6,19.0,0.2,0,213.0,11.0,38.5,1014.2,
2022-10-17,15.9,11.8,20.9,0.2,0,190.0,8.8,25.6,1020.3,
2022-10-18,13.6,10.3,18.1,0.0,0,271.0,10.7,36.0,1025.5,
2022-10-19,10.2,4.3,14.6,0.0,0,12.0,9.0,34.9,1027.8,
2022-10-20,8.2,2.6,13.7,1.3,0,129.0,14.7,41.4,1019.9,
2022-10-21,12.2,7.8,15.8,8.0,0,173.0,9.5,31.3,1010.0,
2022-10-22,14.5,11.2,19.6,0.2,0,220.0,8.2,29.9,1012.0,
2022-10-23,12.8,8.9,16.9,2.9,0,158.0,9.3,29.9,1013.4,
2022-10-24,14.5,12.0,19.3,0.8,0,203.0,14.1,47.2,1007.3,
2022-10-25,12.9,8.3,16.7,2.1,0,230.0,10.6,36.7,1013.4,
2022-10-26,11.7,7.2,17.9,0.1,0,170.0,6.7,23.0,1017.5,
2022-10-27,14.5,11.0,19.5,0.0,0,177.0,8.6,29.5,1022.6,
2022-10-28,16.9,12.6,22.7,0.0,0,197.0,9.2,29.5,1018.5,
2022-10-29,14.9,12.0,19.2,0.0,0,210.0,5.8,31.3,1020.0,
2022-10-30,15.2,11.3,21.3,0.0,0,188.0,6.0,18.7,1017.4,
2022-10-31,12.4,11.0,14.8,0.0,0,188.0,5.9,21.6,1019.6,
2022-11-01,13.1,8.6,18.0,0.0,0,190.0,13.3,45.0,1014.3,
2022-11-02,10.3,5.7,14.0,2.4,0,210.0,14.5,55.1,1017.4,
2022-11-03,9.2,5.4,14.1,2.4,0,160.0,14.2,37.1,1011.2,
2022-11-04,9.2,5.0,12.2,0.0,0,229.0,11.7,34.6,1005.0,
2022-11-05,7.4,3.9,11.8,0.0,0,234.0,9.5,32.0,1015.0,
2022-11-06,9.3,7.0,13.1,0.3,0,186.0,15.0,40.7,1012.1,
2022-11-07,11.6,8.6,13.8,0.0,0,213.0,16.8,45.0,1009.2,
2022-11-08,13.0,9.7,15.5,0.0,0,189.0,14.5,41.0,1009.1,
2022-11-09,13.1,11.0,16.0,0.1,0,209.0,13.4,37.8,1008.2,
2022-11-10,11.3,8.5,13.5,0.0,0,240.0,14.9,40.3,1020.7,
2022-11-11,10.2,5.5,14.1,0.0,0,232.0,11.4,34.9,1029.1,
2022-11-12,6.1,2.4,11.3,0.0,0,168.0,4.7,15.8,1032.2,
2022-11-13,6.4,3.9,8.7,0.0,0,120.0,9.5,27.0,1027.5,
2022-11-14,6.7,4.9,9.9,0.0,0,128.0,11.8,29.5,1017.2,
2022-11-15,8.3,4.6,12.2,0.0,0,143.0,10.2,25.9,1009.9,
2022-11-16,6.1,4.5,7.9,5.9,0,112.0,16.9,44.6,1004.9,
2022-11-17,3.4,1.7,4.5,12.7,0,113.0,23.5,54.0,1000.6,
2022-11-18,-0.7,-4.8,1.8,0.3,0,96.0,13.8,38.9,1007.4,
2022-11-19,-1.8,-6.3,3.4,0.0,0,313.0,5.0,20.5,1014.7,
2022-11-20,-0.1,-3.1,3.6,0.0,0,249.0,6.1,23.8,1009.7,
2022-11-21,-1.9,-3.3,2.0,0.0,0,187.0,6.2,23.4,1003.8,
2022-11-22,0.2,-1.5,1.8,0.7,0,135.0,13.8,35.3,999.0,
2022-11-23,4.0,1.4,8.0,1.4,0,150.0,12.5,28.1,1001.5,
2022-11-24,5.4,2.9,8.7,0.0,0,174.0,6.9,26.3,1009.1,
2022-11-25,5.4,2.5,8.0,1.9,0,171.0,7.6,23.0,1015.8,
2022-11-26,6.2,4.6,7.9,0.3,0,226.0,7.2,20.9,1027.1,
2022-11-27,4.0,1.4,5.9,0.0,0,165.0,11.5,31.0,1023.9,
2022-11-28,4.2,3.3,5.0,0.2,0,134.0,14.8,38.9,1014.4,
2022-11-29,3.7,2.1,4.7,0.0,0,108.0,7.3,18.4,1018.6,
2022-11-30,3.6,3.0,3.9,0.0,0,88.0,6.8,18.0,1025.0,
2022-12-01,1.4,-0.2,3.0,0.8,0,86.0,5.3,13.7,1029.0,
2022-12-02,0.8,-0.2,1.7,0.0,0,66.0,8.8,23.4,1027.9,
2022-12-03,-0.8,-1.7,0.4,0.0,0,81.0,8.8,23.8,1024.9,
2022-12-04,0.6,-1.2,2.3,0.0,0,63.0,11.9,27.7,1021.7,
2022-12-05,1.3,0.1,2.6,8.0,0,42.0,7.9,27.7,1018.9,
2022-12-06,1.6,-0.3,3.7,1.0,0,281.0,7.1,23.8,1016.2,
2022-12-07,1.8,-0.5,3.6,1.2,0,259.0,10.8,32.4,1010.9,
2022-12-08,1.2,-1.5,3.4,1.7,0,225.0,8.9,33.8,1005.9,
2022-12-09,-0.8,-2.4,0.8,0.0,0,182.0,7.2,23.8,1007.8,
2022-12-10,-1.8,-2.4,-1.4,0.0,0,106.0,4.0,16.9,1011.0,
2022-12-11,-2.9,-6.0,-1.2,0.1,0,95.0,2.6,11.2,1012.0,
2022-12-12,-4.0,-8.0,-0.6,0.0,0,285.0,3.5,13.3,1013.0,
2022-12-13,-5.7,-9.0,-1.2,0.0,0,184.0,5.5,16.9,1012.1,
2022-12-14,-7.0,-9.9,-1.5,0.0,0,160.0,6.6,17.3,1005.3,
2022-12-15,-5.1,-10.4,0.7,0.0,0,185.0,7.2,22.0,1006.7,
2022-12-16,-4.2,-7.1,-2.4,0.0,0,59.0,3.0,10.8,1015.5,
2022-12-17,-3.6,-6.3,0.2,0.0,0,171.0,5.9,19.1,1026.0,
2022-12-18,-5.8,-9.1,-3.1,0.0,0,156.0,11.0,36.4,1030.0,
2022-12-19,1.8,-3.2,6.6,4.9,0,177.0,15.8,36.7,1019.3,
2022-12-20,8.3,6.0,10.0,2.0,0,203.0,14.3,35.3,1012.5,
2022-12-21,7.0,5.0,8.1,0.1,0,206.0,6.9,19.1,1009.1,
2022-12-22,6.4,4.8,8.4,1.9,0,214.0,8.7,25.6,1004.0,
2022-12-23,5.3,4.5,6.5,9.3,0,177.0,5.2,20.5,1003.9,
2022-12-24,5.8,3.4,8.8,4.4,0,206.0,9.1,36.0,1008.8,
2022-12-25,5.3,2.4,7.0,8.8,0,163.0,9.5,25.9,1013.8,
2022-12-26,6.7,2.8,9.5,0.3,0,247.0,14.2,58.0,1010.3,
2022-12-27,3.9,2.3,5.9,0.4,0,238.0,16.4,42.8,1019.7,
2022-12-28,6.5,3.9,8.6,5.0,0,208.0,18.4,44.3,1010.3,
2022-12-29,8.8,5.5,10.9,3.2,0,219.0,19.4,52.6,1001.9,
2022-12-30,7.0,4.8,10.7,3.8,0,200.0,18.7,55.1,1007.1,
2022-12-31,12.6,10.1,15.7,8.6,0,220.0,17.8,56.9,1004.9,
2023-01-01,13.1,9.3,16.1,1.8,0,227.0,20.0,57.6,1012.2,
2023-01-02,9.9,5.4,13.4,0.4,0,220.0,13.6,46.1,1014.2,
2023-01-03,4.3,1.8,6.6,2.1,0,225.0,9.9,35.3,1025.7,
2023-01-04,8.7,5.6,11.1,19.4,0,224.0,22.8,65.9,1012.2,
2023-01-05,7.1,3.6,9.6,1.3,0,278.0,18.1,60.1,1013.9,
2023-01-06,7.5,3.7,10.1,0.7,0,216.0,13.2,46.4,1015.8,
2023-01-07,8.4,3.9,10.2,0.2,0,179.0,11.5,30.6,1013.1,
2023-01-08,7.9,5.1,10.3,4.4,0,183.0,12.9,30.6,1002.8,
2023-01-09,6.1,5.1,7.5,5.6,0,206.0,10.6,32.0,998.2,
2023-01-10,5.6,4.5,6.6,2.2,0,230.0,13.8,45.0,1013.5,
2023-01-11,6.9,4.8,8.7,4.3,0,217.0,16.1,50.8,1008.0,
2023-01-12,8.6,6.7,10.6,11.5,0,224.0,21.4,60.1,1003.5,
2023-01-13,7.5,5.4,9.9,7.6,0,239.0,23.4,56.9,1002.3,
2023-01-14,6.7,5.3,10.2,11.3,0,214.0,20.1,53.6,1004.9,
2023-01-15,5.6,4.3,6.9,1.3,0,240.0,24.0,70.2,995.6,
2023-01-16,4.3,2.6,5.6,1.3,0,166.0,16.0,45.4,988.9,
2023-01-17,2.2,-1.7,4.6,0.2,0,224.0,14.4,54.4,983.0,
2023-01-18,-1.2,-3.4,1.7,0.0,0,193.0,7.9,27.7,994.7,
2023-01-19,0.9,-1.3,2.3,0.0,0,208.0,13.7,37.1,1001.9,
2023-01-20,-0.3,-3.0,3.4,0.0,0,206.0,5.9,22.7,1015.9,
2023-01-21,0.7,-1.4,3.1,0.1,0,3.0,8.7,33.5,1030.3,
2023-01-22,2.5,1.1,3.9,0.2,0,50.0,12.4,37.4,1032.2,
2023-01-23,2.1,1.5,3.0,0.0,0,82.0,5.2,16.9,1038.4,
2023-01-24,0.6,-1.3,1.6,0.0,0,98.0,3.7,10.8,1040.8,
2023-01-25,-1.3,-2.9,-0.5,0.1,0,216.0,6.7,19.4,1032.8,
2023-01-26,-0.2,-2.5,3.2,0.3,0,284.0,6.2,18.7,1023.1,
2023-01-27,2.4,0.3,3.9,0.0,0,39.0,11.0,30.2,1027.1,
2023-01-28,0.6,-1.6,2.5,0.2,0,274.0,5.3,20.9,1029.0,
2023-01-29,2.0,1.1,3.1,2.1,0,242.0,16.3,45.4,1022.5,
2023-01-30,4.6,2.7,6.7,4.9,0,277.0,26.6,68.4,1008.9,
2023-01-31,4.5,2.5,6.9,8.9,0,270.0,22.2,59.4,1013.9,
2023-02-01,4.1,1.1,6.1,8.0,0,272.0,24.0,59.8,1009.6,
2023-02-02,4.8,3.0,7.3,5.8,0,281.0,16.5,70.6,1017.4,
2023-02-03,6.6,2.3,8.1,4.3,0,287.0,28.7,74.2,1016.6,
2023-02-04,1.4,-2.1,4.8,0.0,0,37.0,6.5,44.6,1036.0,
2023-02-05,-0.1,-2.5,2.8,0.0,0,173.0,8.2,27.4,1037.6,
2023-02-06,0.0,-3.2,4.6,0.0,0,6.0,6.3,22.3,1041.2,
2023-02-07,-1.5,-4.2,3.6,0.0,0,166.0,4.9,16.6,1042.0,
2023-02-08,-1.7,-6.0,4.2,0.0,0,155.0,8.8,25.9,1039.3,
2023-02-09,0.0,-4.3,3.8,0.0,0,208.0,10.9,28.8,1031.3,
2023-02-10,4.0,1.7,7.3,0.0,0,243.0,14.4,45.4,1032.6,
2023-02-11,6.8,4.9,8.0,0.3,0,271.0,17.8,46.8,1029.8,
2023-02-12,7.1,5.8,8.7,0.7,0,267.0,7.4,22.0,1037.5,
2023-02-13,6.4,5.3,7.8,0.0,0,294.0,3.5,13.7,1038.3,
2023-02-14,5.8,1.7,11.1,0.0,0,140.0,5.6,21.2,1035.3,
2023-02-15,2.6,-0.9,7.6,0.0,0,179.0,6.6,17.3,1027.0,
2023-02-16,6.1,2.4,9.2,1.3,0,214.0,8.3,24.1,1021.4,
2023-02-17,8.7,5.7,11.0,3.6,0,253.0,24.3,74.2,1013.4,
2023-02-18,6.5,3.7,10.0,11.8,0,275.0,16.7,58.0,1014.0,
2023-02-19,4.1,1.3,7.5,0.0,0,298.0,9.3,34.2,1019.7,
2023-02-20,7.3,4.0,9.1,4.8,0,256.0,24.5,63.7,1015.7,
2023-02-21,8.5,7.3,9.7,0.5,0,290.0,14.2,48.6,1015.5,
2023-02-22,8.6,6.8,11.6,0.0,0,151.0,9.2,31.3,1014.6,
2023-02-23,6.1,2.8,8.4,0.0,0,252.0,9.6,32.8,1012.5,
2023-02-24,3.2,1.3,4.7,3.3,0,259.0,17.0,46.4,1003.0,
2023-02-25,1.6,-2.0,3.7,1.2,0,337.0,20.3,54.0,1005.8,
2023-02-26,-0.5,-4.9,4.4,0.0,0,355.0,10.4,32.8,1022.7,
2023-02-27,0.0,-4.3,6.0,0.0,0,16.0,4.8,20.9,1030.2,
2023-02-28,-0.1,-4.9,6.5,0.0,0,134.0,3.3,14.8,1032.5,
2023-03-01,1.1,-5.1,8.5,0.0,0,85.0,4.2,20.9,1030.1,
2023-03-02,0.1,-1.5,1.6,0.0,0,58.0,6.0,18.4,1026.5,
2023-03-03,2.8,0.3,5.7,0.0,0,276.0,8.2,28.4,1023.4,
2023-03-04,4.4,1.6,6.1,0.3,0,305.0,17.8,49.0,1018.5,
2023-03-05,1.8,0.1,4.3,8.5,0,289.0,11.6,34.2,1012.3,
2023-03-06,1.1,-0.5,4.6,1.4,20,259.0,7.3,24.5,1003.5,
2023-03-07,2.1,-1.4,5.3,1.0,0,251.0,18.0,59.4,993.9,
2023-03-08,0.7,-1.8,3.5,0.3,0,202.0,8.0,29.5,996.9,
2023-03-09,0.6,-0.9,2.9,12.2,0,90.0,7.2,22.7,997.3,
2023-03-10,0.2,-0.2,1.2,14.4,120,51.0,13.5,44.3,991.1,
2023-03-11,1.2,-1.4,4.5,0.0,180,295.0,15.5,46.4,1005.5,
2023-03-12,1.6,-3.0,6.1,4.0,110,203.0,10.7,33.5,1008.9,
2023-03-13,10.8,5.6,16.9,2.4,40,216.0,19.8,64.4,995.5,
2023-03-14,6.9,0.7,12.4,2.6,0,255.0,20.4,60.8,993.1,
2023-03-15,1.7,-1.5,6.1,2.1,0,260.0,12.6,50.0,1013.5,
2023-03-16,4.0,-2.7,10.0,0.0,0,157.0,12.3,38.5,1018.9,
2023-03-17,9.5,3.0,16.6,2.4,0,163.0,14.3,39.2,1010.5,
2023-03-18,11.2,8.0,16.5,1.5,0,204.0,8.1,29.2,1010.5,
2023-03-19,11.2,6.4,17.9,0.0,0,214.0,6.7,24.5,1013.6,
2023-03-20,8.5,6.7,10.7,0.1,0,261.0,10.8,30.2,1016.9,
2023-03-21,8.5,6.6,10.4,3.9,0,203.0,9.4,25.6,1013.4,
2023-03-22,11.2,7.8,14.6,4.2,0,214.0,14.8,41.8,1006.9,
2023-03-23,10.5,9.0,13.3,5.1,0,215.0,14.8,54.7,1002.8,
2023-03-24,11.0,7.8,15.2,0.6,0,220.0,16.3,53.3,1000.1,
2023-03-25,8.3,6.2,10.6,14.2,0,237.0,18.2,49.7,1000.2,
2023-03-26,6.6,1.8,9.7,0.0,0,304.0,14.2,45.7,1003.5,
2023-03-27,2.5,-1.2,7.7,3.4,0,302.0,15.0,53.3,1013.4,
2023-03-28,3.1,-2.3,7.1,0.1,0,271.0,8.3,40.3,1022.4,
2023-03-29,6.8,1.7,11.0,0.7,0,187.0,8.7,27.0,1015.5,
2023-03-30,11.5,8.0,17.4,6.1,0,214.0,14.4,53.3,1005.1,
2023-03-31,9.8,8.0,11.7,7.1,0,195.0,10.3,32.4,998.2,
2023-04-01,6.1,0.7,9.1,3.6,0,100.0,15.2,45.0,1000.6,
2023-04-02,3.6,-1.5,9.5,0.0,0,49.0,14.0,40.7,1022.6,
2023-04-03,2.0,-2.6,8.3,0.0,0,47.0,9.6,32.0,1033.4,
2023-04-04,2.0,-3.6,8.0,0.0,0,78.0,4.1,19.1,1029.9,
2023-04-05,3.3,-4.0,10.1,0.0,0,279.0,3.3,19.8,1023.9,
2023-04-06,5.9,-2.0,13.0,0.0,0,146.0,9.0,33.5,1019.5,
2023-04-07,6.3,0.9,12.2,0.0,0,91.0,11.8,34.9,1020.3,
2023-04-08,5.8,4.5,7.5,0.0,0,43.0,8.3,20.9,1025.5,
2023-04-09,8.4,5.1,15.2,0.0,0,128.0,4.7,22.0,1027.1,
2023-04-10,11.8,4.7,18.3,2.2,0,153.0,13.7,44.3,1020.2,
2023-04-11,6.8,2.0,10.0,7.1,0,235.0,12.9,59.8,1009.2,
2023-04-12,6.7,2.0,11.2,9.0,0,155.0,13.7,42.8,1003.3,
2023-04-13,7.4,2.8,14.0,0.2,0,199.0,11.0,41.0,1002.4,
2023-04-14,7.1,2.3,12.2,2.7,0,46.0,7.0,27.4,1010.4,
2023-04-15,8.8,6.5,12.9,0.3,0,11.0,12.0,28.4,1010.8,
2023-04-16,8.4,6.1,11.1,0.0,0,10.0,11.1,29.2,1020.8,
2023-04-17,9.2,4.8,15.0,0.0,0,30.0,9.5,35.3,1026.6,
2023-04-18,8.1,3.4,13.5,0.0,0,54.0,12.2,32.8,1030.1,
2023-04-19,8.4,2.4,13.5,0.6,0,38.0,16.8,57.6,1028.2,
2023-04-20,7.6,4.6,10.9,1.5,0,66.0,12.8,54.0,1022.1,
2023-04-21,13.2,5.6,21.3,0.0,0,82.0,14.8,43.9,1018.1,
2023-04-22,16.4,8.6,23.9,0.2,0,138.0,12.7,34.9,1010.2,
2023-04-23,13.6,10.2,20.0,2.6,0,223.0,9.5,34.9,1005.3,
2023-04-24,10.4,6.8,14.9,1.0,0,217.0,15.2,55.4,1001.3,
2023-04-25,6.5,2.7,10.8,0.5,0,279.0,17.6,51.1,1009.0,
2023-04-26,5.6,1.4,10.6,0.5,0,284.0,13.7,41.0,1016.2,
2023-04-27,6.5,-0.3,12.3,0.0,0,284.0,7.0,27.7,1020.3,
2023-04-28,9.6,2.3,16.2,12.0,0,112.0,8.8,32.8,1014.7,
2023-04-29,10.3,3.9,16.1,0.0,0,338.0,12.6,41.4,1015.2,
2023-04-30,7.8,0.9,14.5,0.0,0,339.0,5.4,23.0,1023.5,
2023-05-01,12.2,4.1,20.1,0.1,0,168.0,7.7,27.4,1016.5,
2023-05-02,8.6,2.3,12.2,0.0,0,301.0,14.1,45.0,1021.2,
2023-05-03,7.6,1.3,13.8,0.0,0,327.0,6.4,27.4,1028.6,
2023-05-04,11.1,2.6,18.2,0.0,0,94.0,8.8,28.4,1024.3,
2023-05-05,12.1,6.9,18.2,0.7,0,99.0,15.0,41.8,1018.6,
2023-05-06,9.1,8.0,10.7,0.0,0,91.0,9.8,46.1,1018.7,
2023-05-07,10.9,7.9,17.6,0.0,0,116.0,13.7,38.5,1022.5,
2023-05-08,12.8,5.0,20.1,0.0,0,128.0,14.6,40.3,1024.4,
2023-05-09,15.0,7.8,21.8,0.0,0,141.0,17.9,49.0,1016.7,
2023-05-10,13.4,10.3,16.6,2.0,0,171.0,11.0,39.2,1010.0,
2023-05-11,13.4,10.6,17.8,4.3,0,23.0,7.6,29.9,1014.5,
2023-05-12,16.7,10.6,23.7,0.0,0,79.0,10.7,36.4,1019.0,
2023-05-13,15.7,7.3,23.2,0.0,0,81.0,9.4,33.8,1021.5,
2023-05-14,16.0,7.9,22.6,0.0,0,102.0,7.4,41.0,1018.4,
2023-05-15,15.2,8.7,22.4,0.0,0,348.0,10.1,55.1,1011.2,
2023-05-16,10.9,7.4,16.6,0.0,0,297.0,18.4,47.5,1015.5,
2023-05-17,9.4,5.3,15.0,0.0,0,308.0,16.2,45.4,1023.4,
2023-05-18,9.8,6.0,15.3,0.0,0,3.0,6.0,29.5,1028.5,
2023-05-19,12.7,5.5,19.1,0.0,0,65.0,9.3,35.6,1027.5,
2023-05-20,12.8,7.2,16.7,0.0,0,63.0,11.9,33.8,1025.3,
2023-05-21,18.7,9.5,26.3,0.0,0,79.0,11.1,32.8,1019.1,
2023-05-22,20.3,14.3,29.0,23.2,0,111.0,12.3,59.0,1015.0,
2023-05-23,12.6,7.0,15.0,1.2,0,299.0,14.0,49.3,1015.1,
2023-05-24,10.8,6.7,15.7,0.0,0,289.0,9.6,30.6,1020.9,
2023-05-25,13.2,8.2,19.5,0.0,0,304.0,9.7,31.3,1025.7,
2023-05-26,11.6,6.0,18.1,0.0,0,330.0,10.7,36.4,1028.6,
2023-05-27,13.9,5.7,20.7,0.0,0,50.0,4.0,19.1,1027.3,
2023-05-28,15.7,7.6,23.4,0.0,0,70.0,7.0,36.7,1021.8,
2023-05-29,13.7,7.9,20.2,0.0,0,354.0,9.4,29.2,1023.4,
2023-05-30,12.8,6.9,18.2,0.0,0,356.0,8.3,25.9,1025.7,
2023-05-31,15.3,7.3,24.4,0.0,0,336.0,7.6,35.6,1025.1,
2023-06-01,12.8,6.9,18.0,0.0,0,304.0,15.7,42.1,1019.6,
2023-06-02,12.8,6.2,19.7,0.0,0,14.0,10.3,37.8,1020.9,
2023-06-03,13.5,4.5,20.9,0.0,0,77.0,7.6,28.4,1024.0,
2023-06-04,15.7,6.2,23.4,0.0,0,18.0,6.3,28.8,1022.7,
2023-06-05,17.4,8.4,25.5,0.0,0,50.0,7.6,34.9,1021.8,
2023-06-06,18.8,9.8,27.0,0.0,0,37.0,8.4,31.7,1020.1,
2023-06-07,18.4,11.1,26.6,0.0,0,348.0,7.0,33.8,1019.8,
2023-06-08,19.9,12.0,27.9,0.0,0,6.0,7.8,31.7,1017.9,
2023-06-09,20.0,12.3,28.0,0.0,0,57.0,10.1,38.9,1017.1,
2023-06-10,19.8,11.9,29.2,0.0,0,66.0,9.9,50.0,1018.3,
2023-06-11,20.8,11.9,28.2,0.0,0,79.0,10.6,30.6,1020.0,
2023-06-12,21.4,13.3,28.2,0.0,0,104.0,12.3,42.5,1019.0,
2023-06-13,18.7,9.8,26.7,0.0,0,53.0,12.6,45.7,1017.1,
2023-06-14,18.2,10.7,25.6,0.0,0,65.0,11.4,41.0,1019.4,
2023-06-15,17.5,9.5,26.1,3.4,0,7.0,9.1,42.1,1019.3,
2023-06-16,16.8,13.2,22.3,1.2,0,304.0,8.3,34.9,1016.1,
2023-06-17,18.3,13.2,25.5,0.0,0,334.0,7.1,35.6,1014.3,
2023-06-18,20.9,11.3,28.9,0.0,0,185.0,3.4,21.2,1014.2,
2023-06-19,22.5,17.3,29.7,0.0,0,172.0,9.0,29.9,1012.0,
2023-06-20,21.9,14.7,28.2,16.0,0,94.0,7.0,26.3,1013.5,
2023-06-21,21.8,16.2,27.4,0.0,0,269.0,11.1,37.4,1014.4,
2023-06-22,20.4,14.6,27.7,9.5,0,70.0,8.5,44.6,1017.8,
2023-06-23,17.7,13.4,22.4,1.1,0,348.0,13.7,47.5,1017.9,
2023-06-24,19.7,11.9,27.4,0.0,0,287.0,7.0,24.1,1023.4,
2023-06-25,22.5,15.3,29.2,0.0,0,175.0,3.7,20.5,1018.9,
2023-06-26,20.5,13.4,28.8,7.3,0,233.0,14.2,51.8,1013.3,
2023-06-27,16.3,12.0,22.1,1.4,0,288.0,15.4,53.3,1016.3,
2023-06-28,17.5,11.1,24.5,0.0,0,286.0,10.2,32.0,1016.9,
2023-06-29,19.4,15.8,22.8,0.2,0,205.0,5.7,27.0,1014.5,
2023-06-30,17.9,14.0,23.5,1.7,0,291.0,8.8,36.0,1011.0,
2023-07-01,16.0,13.8,17.4,3.5,0,201.0,11.4,38.5,1004.6,
2023-07-02,17.0,12.9,22.2,0.0,0,259.0,18.9,57.2,1005.2,
2023-07-03,15.5,12.9,20.5,0.6,0,236.0,14.4,50.0,1007.7,
2023-07-04,15.5,12.1,20.8,4.0,0,236.0,14.6,56.9,1010.1,
2023-07-05,15.4,12.6,19.8,2.4,0,188.0,18.7,66.6,1008.6,
2023-07-06,15.8,11.6,21.6,0.5,0,247.0,11.4,43.6,1016.2,
2023-07-07,20.0,11.5,27.9,0.0,0,185.0,7.3,27.0,1021.2,
2023-07-08,23.0,13.8,31.5,0.0,0,84.0,9.7,32.8,1020.4,
2023-07-09,24.4,15.0,33.2,3.6,0,126.0,8.6,30.6,1019.4,
2023-07-10,20.6,14.4,26.6,0.0,0,299.0,10.7,41.8,1017.9,
2023-07-11,22.6,13.3,30.4,1.3,0,163.0,9.4,37.4,1014.3,
2023-07-12,19.6,15.7,25.7,3.4,0,254.0,13.3,50.8,1008.7,
2023-07-13,17.0,12.8,24.3,0.8,0,239.0,9.7,42.5,1014.5,
2023-07-14,19.1,12.0,25.4,0.0,0,187.0,5.9,23.4,1015.7,
2023-07-15,23.7,17.6,33.2,0.9,0,177.0,13.1,47.2,1007.4,
2023-07-16,20.7,15.9,25.7,0.8,0,238.0,13.6,48.2,1010.9,
2023-07-17,17.6,11.8,24.6,1.4,0,236.0,12.1,48.6,1016.0,
2023-07-18,17.1,11.2,25.1,0.0,0,255.0,8.7,35.6,1018.6,
2023-07-19,16.3,12.3,21.6,7.2,0,12.0,6.0,45.7,1012.3,
2023-07-20,15.1,11.4,21.0,3.2,0,292.0,10.0,38.5,1012.8,
2023-07-21,15.4,11.1,22.6,2.2,0,195.0,5.7,42.1,1010.8,
2023-07-22,15.0,11.2,20.7,6.9,0,241.0,8.9,32.0,1012.1,
2023-07-23,16.7,13.4,20.3,1.4,0,187.0,9.2,35.3,1007.9,
2023-07-24,18.3,13.9,23.7,16.5,0,226.0,11.1,32.4,1002.0,
2023-07-25,14.9,11.0,19.6,0.5,0,274.0,11.3,41.4,1004.4,
2023-07-26,13.9,10.2,19.9,2.0,0,266.0,10.8,41.0,1009.6,
2023-07-27,14.3,10.6,16.7,12.6,0,174.0,8.6,30.2,1007.1,
2023-07-28,18.5,16.0,22.7,3.5,0,260.0,7.0,35.3,1004.4,
2023-07-29,18.7,14.6,24.3,8.3,0,219.0,9.7,39.2,1006.2,
2023-07-30,16.5,13.0,22.7,2.8,0,226.0,10.5,40.3,1008.5,
2023-07-31,16.0,13.2,17.8,20.4,0,208.0,12.2,37.1,1005.9,
2023-08-01,16.6,14.2,21.3,7.2,0,235.0,13.6,44.6,997.2,
2023-08-02,16.4,14.4,20.7,9.7,0,198.0,12.8,38.5,996.1,
2023-08-03,17.2,14.9,21.2,8.9,0,218.0,15.1,45.7,994.9,
2023-08-04,16.7,11.7,21.7,0.9,0,272.0,11.2,33.5,1010.0,
2023-08-05,16.7,10.8,22.7,3.5,0,183.0,5.2,19.8,1013.2,
2023-08-06,15.6,13.6,18.9,0.2,0,35.0,6.5,25.2,1005.4,
2023-08-07,15.2,12.5,19.4,0.6,0,281.0,21.2,66.2,1006.4,
2023-08-08,14.2,11.3,18.9,3.3,0,258.0,22.5,61.6,1008.5,
2023-08-09,13.5,10.0,20.3,2.6,0,259.0,12.7,46.8,1013.5,
2023-08-10,15.3,9.9,21.7,0.0,0,265.0,7.1,28.8,1020.4,
2023-08-11,19.6,12.8,26.7,0.0,0,175.0,5.8,23.8,1020.4,
2023-08-12,19.9,14.8,24.2,6.2,0,192.0,7.9,28.8,1015.7,
2023-08-13,19.2,14.2,24.6,0.0,0,221.0,7.8,31.7,1016.5,
2023-08-14,21.3,14.2,27.7,0.0,0,152.0,5.6,27.7,1015.3,
2023-08-15,21.6,17.2,26.5,2.2,0,221.0,8.4,33.1,1014.6,
2023-08-16,18.6,14.2,23.4,6.0,0,354.0,6.9,25.9,1020.8,
2023-08-17,15.7,13.8,17.5,24.8,0,46.0,12.9,47.9,1020.7,
2023-08-18,20.0,14.2,27.5,0.0,0,72.0,7.0,21.6,1018.1,
2023-08-19,23.4,18.5,30.3,0.2,0,134.0,9.0,33.1,1016.4,
2023-08-20,21.0,16.4,27.0,0.0,0,293.0,7.0,30.6,1021.4,
2023-08-21,19.3,14.3,25.5,0.0,0,298.0,5.4,24.8,1022.9,
2023-08-22,19.3,13.6,26.1,0.0,0,198.0,6.2,25.2,1019.9,
2023-08-23,18.9,13.1,25.6,0.0,0,269.0,5.8,25.6,1019.2,
2023-08-24,20.3,14.8,26.4,4.5,0,108.0,4.7,20.2,1015.7,
2023-08-25,19.9,17.6,23.2,1.1,0,192.0,7.4,28.8,1007.5,
2023-08-26,17.9,12.2,21.3,0.6,0,234.0,10.4,37.8,1009.0,
2023-08-27,15.3,11.4,20.7,0.7,0,192.0,7.7,39.6,1008.9,
2023-08-28,15.4,10.9,21.0,0.0,0,271.0,10.2,31.0,1010.1,
2023-08-29,14.5,10.2,20.4,0.0,0,324.0,4.8,18.0,1010.6,
2023-08-30,14.8,10.1,20.3,12.3,0,191.0,5.0,34.2,1006.6,
2023-08-31,13.0,10.5,18.2,3.8,0,236.0,11.0,34.6,1007.5,
2023-09-01,14.2,9.8,19.3,0.0,0,247.0,6.9,23.8,1013.3,
2023-09-02,15.4,8.4,22.5,0.0,0,279.0,4.6,21.6,1020.4,
2023-09-03,15.8,11.1,21.5,0.0,0,290.0,6.4,27.0,1026.8,
2023-09-04,17.1,9.9,24.6,0.0,0,168.0,4.2,19.4,1028.1,
2023-09-05,20.5,12.8,28.9,0.0,0,157.0,6.4,20.5,1022.8,
2023-09-06,21.9,15.0,30.0,0.0,0,130.0,5.9,21.2,1022.4,
2023-09-07,20.9,14.7,28.6,0.0,0,111.0,9.2,29.9,1023.2,
2023-09-08,21.1,13.5,29.7,0.0,0,132.0,8.5,27.4,1019.9,
2023-09-09,21.7,14.7,30.5,0.0,0,173.0,6.5,19.8,1016.9,
2023-09-10,19.2,14.5,25.9,0.0,0,307.0,4.9,22.0,1017.5,
2023-09-11,21.1,12.9,30.0,2.1,0,158.0,4.8,22.0,1013.7,
2023-09-12,18.3,16.0,21.0,22.3,0,324.0,5.0,27.7,1012.5,
2023-09-13,14.3,8.7,17.5,4.5,0,328.0,8.3,38.5,1014.6,
2023-09-14,11.8,6.7,18.9,0.0,0,307.0,4.8,21.6,1022.5,
2023-09-15,14.4,7.1,21.8,0.0,0,119.0,7.7,31.0,1021.4,
2023-09-16,17.4,11.9,24.6,0.0,0,131.0,7.9,22.7,1016.6,
2023-09-17,18.5,11.9,25.6,0.0,0,119.0,8.0,27.7,1014.4,
2023-09-18,19.6,16.0,24.1,0.1,0,170.0,12.5,39.6,1006.6,
2023-09-19,16.9,14.1,19.3,0.0,0,228.0,18.6,48.6,1006.6,
2023-09-20,19.1,15.5,23.7,0.0,0,209.0,15.6,42.8,1007.1,
2023-09-21,18.5,14.2,26.5,4.7,0,165.0,12.5,45.0,1001.0,
2023-09-22,15.1,11.1,18.8,0.0,0,212.0,9.5,30.2,1000.8,
2023-09-23,13.4,10.9,18.0,2.2,0,224.0,11.1,36.0,1011.0,
2023-09-24,12.6,9.5,18.8,0.0,0,208.0,7.3,23.8,1024.9,
2023-09-25,13.8,8.9,20.9,0.0,0,155.0,10.1,30.6,1025.1,
2023-09-26,15.0,8.3,22.2,0.0,0,145.0,5.9,20.5,1022.4,
2023-09-27,17.3,11.7,24.0,0.0,0,150.0,5.8,20.5,1019.9,
2023-09-28,18.3,14.0,24.2,0.0,0,194.0,7.7,25.6,1016.0,
2023-09-29,17.3,12.2,23.9,4.0,0,191.0,8.4,51.1,1015.7,
2023-09-30,14.0,10.9,18.8,0.0,0,255.0,11.1,36.4,1023.7,
2023-10-01,15.2,11.9,17.8,0.2,0,194.0,5.7,17.6,1022.7,
2023-10-02,18.4,14.8,23.5,0.0,0,205.0,7.5,28.4,1019.0,
2023-10-03,15.6,12.0,21.3,1.3,0,225.0,17.2,61.6,1011.2,
2023-10-04,13.9,12.0,18.1,0.0,0,250.0,16.7,42.5,1021.6,
2023-10-05,13.6,11.9,17.5,6.9,0,252.0,14.5,46.1,1020.9,
2023-10-06,14.9,12.4,17.5,0.2,0,232.0,16.5,59.0,1020.2,
2023-10-07,14.1,10.2,16.5,29.8,0,285.0,15.8,55.1,1016.1,
2023-10-08,11.1,8.6,15.5,3.1,0,316.0,5.2,22.7,1024.5,
2023-10-09,11.3,8.5,14.2,8.4,0,161.0,7.1,27.0,1018.1,
2023-10-10,15.6,12.6,19.1,0.0,0,233.0,8.8,24.1,1017.2,
2023-10-11,16.9,13.9,19.6,20.9,0,237.0,17.4,49.3,1010.0,
2023-10-12,12.7,11.3,16.6,2.3,0,253.0,8.6,62.6,1012.3,
2023-10-13,17.3,12.0,21.8,11.5,0,196.0,15.8,55.1,1005.9,
2023-10-14,11.2,6.8,17.2,1.8,0,262.0,21.1,78.5,1004.7,
2023-10-15,7.0,5.0,10.5,2.0,0,263.0,16.3,51.1,1015.1,
2023-10-16,6.7,3.9,11.8,1.9,0,250.0,8.1,32.8,1020.6,
2023-10-17,5.1,0.6,11.9,0.0,0,146.0,2.8,14.8,1021.7,
2023-10-18,5.6,0.0,11.5,3.3,0,116.0,8.9,34.9,1014.5,
2023-10-19,6.4,5.8,7.2,5.2,0,100.0,16.1,43.2,999.6,
2023-10-20,5.6,4.9,6.7,24.5,0,90.0,22.1,50.4,991.6,
2023-10-21,9.3,5.6,15.0,2.2,0,138.0,9.4,34.2,994.9,
2023-10-22,10.3,7.4,14.9,0.1,0,191.0,11.1,34.2,1005.7,
2023-10-23,9.1,7.0,13.8,0.8,0,182.0,5.6,18.7,1013.4,
2023-10-24,10.7,8.4,12.5,0.9,0,133.0,9.5,28.8,1005.6,
2023-10-25,9.7,6.2,14.1,1.9,0,150.0,8.8,30.2,1000.8,
2023-10-26,9.4,8.5,10.9,2.4,0,61.0,9.7,28.4,995.7,
2023-10-27,8.4,7.4,9.2,4.2,0,84.0,9.5,24.8,994.9,
2023-10-28,8.8,7.3,11.2,4.3,0,132.0,8.2,21.2,998.6,
2023-10-29,11.9,8.1,16.6,1.9,0,179.0,15.1,44.3,996.7,
2023-10-30,11.9,10.2,15.7,2.3,0,196.0,12.8,47.9,999.9,
2023-10-31,9.0,4.4,11.9,0.7,0,242.0,14.0,64.4,997.8,
2023-11-01,9.1,5.8,12.4,0.4,0,151.0,10.6,27.7,1002.8,
2023-11-02,10.3,7.6,12.7,0.0,0,154.0,17.0,46.8,987.9,
2023-11-03,9.3,7.0,11.8,0.0,0,199.0,14.4,45.7,984.5,
2023-11-04,7.4,3.7,11.2,4.1,0,176.0,15.7,46.8,984.6,
2023-11-05,9.2,6.7,12.3,11.9,0,187.0,13.2,43.6,977.9,
2023-11-06,9.8,8.0,12.3,0.2,0,237.0,18.8,50.8,996.9,
2023-11-07,9.1,6.7,12.0,0.1,0,227.0,14.6,36.7,1007.2,
2023-11-08,8.8,6.8,11.2,3.9,0,222.0,15.8,40.3,1009.2,
2023-11-09,8.5,6.2,10.2,0.5,0,192.0,14.8,39.2,1001.3,
2023-11-10,7.5,5.7,9.8,0.1,0,189.0,12.4,32.8,997.5,
2023-11-11,6.2,4.0,7.6,2.8,0,191.0,7.6,25.6,1000.4,
2023-11-12,6.5,4.1,8.3,0.1,0,207.0,7.5,22.7,1006.0,
2023-11-13,5.3,1.1,10.0,6.3,0,172.0,12.6,43.2,1003.4,
2023-11-14,10.6,8.3,12.9,3.8,0,251.0,22.7,68.0,997.0,
2023-11-15,7.4,5.2,9.9,1.0,0,267.0,11.0,33.5,1008.6,
2023-11-16,6.1,3.7,8.6,0.0,0,280.0,15.7,54.7,1010.8,
2023-11-17,3.6,2.0,6.6,0.0,0,298.0,13.0,36.7,1016.9,
2023-11-18,3.7,0.5,6.6,8.1,0,166.0,8.9,41.4,1022.2,
2023-11-19,9.2,4.7,12.1,6.6,0,215.0,15.7,44.3,1005.1,
2023-11-20,9.3,8.2,10.4,21.1,0,212.0,5.1,19.4,1005.2,
2023-11-21,5.2,0.2,8.3,0.1,0,39.0,10.4,28.8,1017.7,
2023-11-22,0.9,-1.6,4.3,0.1,0,189.0,7.8,41.8,1028.1,
2023-11-23,8.5,4.3,11.3,8.0,0,261.0,26.9,74.5,1010.9,
2023-11-24,2.7,0.3,5.9,8.7,0,286.0,19.1,61.6,1000.6,
2023-11-25,1.4,-0.7,5.0,2.0,0,297.0,12.8,42.8,1006.2,
2023-11-26,-0.6,-3.1,1.0,1.5,0,226.0,5.4,20.2,1012.5,
2023-11-27,1.0,-0.7,2.4,4.9,0,112.0,11.4,39.2,1004.5,
2023-11-28,-1.8,-3.0,-0.5,1.4,0,24.0,11.3,39.6,1003.3,
2023-11-29,-0.9,-5.4,0.6,2.8,20,224.0,13.4,44.3,999.7,
2023-11-30,-2.6,-4.2,-1.4,0.0,30,130.0,3.1,12.2,1003.7,
2023-12-01,-3.0,-5.7,-1.1,0.3,20,272.0,3.2,14.8,1007.4,
2023-12-02,-2.0,-4.3,-0.2,0.2,30,279.0,5.7,17.6,1011.9,
2023-12-03,-2.4,-6.1,-0.3,0.0,30,197.0,4.8,17.3,1020.1,
2023-12-04,-2.1,-3.9,-0.3,2.7,30,138.0,13.1,32.0,1014.5,
2023-12-05,-1.2,-2.4,0.2,5.0,60,115.0,14.4,33.1,1007.5,
2023-12-06,0.2,-0.1,0.5,0.0,60,174.0,5.6,21.6,1011.3,
2023-12-07,0.6,-1.2,1.9,0.0,40,207.0,5.8,16.6,1018.9,
2023-12-08,-0.2,-1.7,0.8,3.3,20,134.0,13.0,36.0,1012.0,
2023-12-09,3.2,0.4,4.9,6.9,20,160.0,12.7,42.1,1006.3,
2023-12-10,6.3,3.6,8.1,11.5,0,205.0,14.5,50.4,998.5,
2023-12-11,7.7,5.5,9.3,6.9,0,241.0,12.9,43.9,996.5,
2023-12-12,5.5,3.9,6.9,5.9,0,197.0,7.4,27.4,1005.2,
2023-12-13,4.3,2.6,5.1,1.8,0,79.0,11.8,29.2,1000.4,
2023-12-14,2.5,0.2,3.7,0.1,0,11.0,8.5,28.4,1016.4,
2023-12-15,5.0,0.9,7.2,0.5,0,234.0,9.3,25.9,1030.4,
2023-12-16,7.1,5.8,8.7,0.0,0,247.0,15.6,39.6,1034.9,
2023-12-17,8.6,6.6,10.2,0.0,0,253.0,20.3,46.4,1032.0,
2023-12-18,6.8,6.5,7.3,0.4,0,240.0,19.1,43.2,1026.8,
2023-12-19,6.6,5.6,7.4,11.5,0,239.0,17.3,44.6,1015.5,
2023-12-20,5.3,4.4,7.6,7.3,0,255.0,18.6,59.8,1006.8,
2023-12-21,7.1,3.0,9.2,20.0,0,267.0,29.4,93.6,989.2,
2023-12-22,3.1,1.4,4.5,5.0,0,286.0,26.5,77.8,991.7,
2023-12-23,2.6,0.5,3.5,17.9,0,276.0,14.0,56.2,1001.3,
2023-12-24,9.2,2.8,11.8,4.6,0,247.0,23.2,70.9,997.9,
2023-12-25,9.1,7.4,11.0,11.7,0,261.0,23.0,68.8,1001.2,
2023-12-26,7.2,3.4,9.2,2.3,0,261.0,22.5,60.1,1006.8,
2023-12-27,3.2,0.3,7.5,0.2,0,185.0,12.1,36.7,1017.8,
2023-12-28,9.5,7.0,11.0,5.4,0,225.0,23.1,61.6,1008.2,
2023-12-29,7.8,5.1,10.3,9.4,0,235.0,24.0,65.9,1003.7,
2023-12-30,5.7,4.0,7.2,0.1,0,226.0,16.1,53.6,1008.8,
2023-12-31,5.7,4.1,7.6,1.1,0,159.0,13.9,38.2,1003.6,
2024-01-01,6.3,4.3,7.9,0.0,0,205.0,14.7,37.4,1002.4,
2024-01-02,5.2,3.1,9.3,20.9,0,153.0,14.7,42.1,995.7,
2024-01-03,8.6,7.1,9.6,4.5,0,227.0,19.4,60.1,985.9,
2024-01-04,2.0,-0.1,7.2,2.1,0,309.0,15.0,55.1,998.2,
2024-01-05,-0.1,-0.4,0.4,5.7,0,103.0,14.1,38.9,1003.8,
2024-01-06,-1.1,-2.5,-0.2,4.4,0,77.0,14.0,31.7,1011.0,
2024-01-07,-2.6,-3.7,-0.6,0.1,40,33.0,12.9,33.8,1025.3,
2024-01-08,-3.4,-8.0,-1.2,0.0,40,55.0,12.1,33.1,1034.7,
2024-01-09,-7.1,-10.2,-2.2,0.0,30,75.0,5.3,16.2,1038.2,
2024-01-10,-7.4,-9.9,-4.7,0.0,30,67.0,5.5,19.1,1034.7,
2024-01-11,-2.3,-6.2,0.4,0.0,30,293.0,7.1,25.9,1032.4,
2024-01-12,-0.9,-4.6,2.1,0.2,30,264.0,10.4,28.8,1029.2,
2024-01-13,2.6,1.8,4.0,2.2,20,263.0,17.6,50.4,1015.9,
2024-01-14,2.3,1.3,3.5,1.7,0,263.0,17.2,45.4,1002.8,
2024-01-15,0.7,-0.9,1.5,1.7,0,268.0,15.7,54.7,994.4,
2024-01-16,-0.5,-2.6,0.7,0.0,20,246.0,12.9,42.5,1004.2,
2024-01-17,-2.3,-3.3,-0.3,0.0,10,193.0,9.5,28.8,994.8,
2024-01-18,-2.4,-6.3,2.0,0.3,10,254.0,7.2,40.3,997.8,
2024-01-19,0.0,-2.5,2.3,0.9,10,247.0,18.9,49.0,1013.2,
2024-01-20,1.2,-0.2,3.4,0.0,10,236.0,18.1,45.4,1023.8,
2024-01-21,2.3,-0.9,4.9,0.5,0,186.0,17.5,42.1,1020.4,
2024-01-22,7.1,4.8,11.2,6.8,0,225.0,24.7,67.7,1005.8,
2024-01-23,6.0,3.9,7.9,5.1,0,243.0,21.2,53.6,1016.2,
2024-01-24,9.1,6.8,11.9,3.9,0,258.0,31.1,78.8,1010.0,
2024-01-25,6.2,3.0,7.8,0.0,0,270.0,18.4,65.9,1023.4,
2024-01-26,6.4,4.1,10.0,6.6,0,225.0,19.5,73.1,1020.1,
2024-01-27,4.6,1.0,8.0,0.0,0,254.0,13.4,44.3,1032.2,
2024-01-28,2.5,-1.5,7.9,0.0,0,162.0,10.2,28.4,1032.2,
2024-01-29,5.1,0.8,11.2,0.0,0,176.0,8.6,25.9,1027.3,
2024-01-30,7.0,3.0,10.5,0.1,0,191.0,10.6,45.4,1026.4,
2024-01-31,5.2,4.1,6.9,1.4,0,252.0,16.8,52.2,1028.6,
2024-02-01,5.6,4.1,7.7,0.0,0,270.0,19.4,50.8,1023.5,
2024-02-02,6.1,4.0,9.2,0.8,0,250.0,19.4,51.8,1023.0,
2024-02-03,9.0,6.3,10.3,1.1,0,272.0,22.8,52.6,1018.2,
2024-02-04,6.9,5.8,9.6,7.8,0,263.0,20.1,52.6,1015.0,
2024-02-05,8.7,7.9,9.6,1.2,0,269.0,28.8,67.0,1010.4,
2024-02-06,8.8,4.3,10.5,17.3,0,252.0,28.0,69.1,1002.7,
2024-02-07,3.0,-1.7,5.6,0.0,0,274.0,15.2,55.4,1002.2,
2024-02-08,0.8,-1.9,3.3,6.9,0,168.0,5.6,33.1,1001.6,
2024-02-09,2.2,0.2,6.6,6.7,10,124.0,13.8,40.7,990.1,
2024-02-10,7.0,5.3,10.0,0.0,0,113.0,7.9,25.9,990.3,
2024-02-11,4.9,4.6,5.3,5.8,0,80.0,8.2,28.8,991.7,
2024-02-12,6.2,3.2,9.5,0.3,0,266.0,9.4,30.2,1000.7,
2024-02-13,5.2,2.5,7.9,2.3,0,229.0,12.1,35.6,1015.0,
2024-02-14,7.6,3.8,10.6,4.3,0,199.0,12.4,34.9,1015.0,
2024-02-15,11.5,10.6,12.6,0.4,0,201.0,10.7,28.1,1015.3,
2024-02-16,11.9,9.6,15.8,0.2,0,209.0,15.0,45.4,1012.5,
2024-02-17,6.5,0.1,10.6,0.0,0,288.0,12.8,45.0,1027.5,
2024-02-18,5.9,1.0,8.7,15.7,0,166.0,11.1,32.4,1025.7,
2024-02-19,7.9,5.7,10.6,0.8,0,280.0,16.7,54.7,1019.4,
2024-02-20,7.7,6.0,9.3,0.3,0,262.0,15.0,44.3,1022.6,
2024-02-21,8.5,7.2,9.9,3.5,0,219.0,16.4,41.4,1013.3,
2024-02-22,9.2,6.8,11.7,2.1,0,183.0,15.6,50.4,990.6,
2024-02-23,6.9,4.0,9.8,0.0,0,207.0,19.7,76.0,991.0,
2024-02-24,4.6,1.2,9.8,0.9,0,173.0,10.2,29.2,1000.2,
2024-02-25,4.5,0.6,8.9,0.0,0,165.0,9.5,29.2,1004.0,
2024-02-26,3.1,-1.2,8.8,0.0,0,43.0,8.2,27.7,1008.3,
2024-02-27,3.5,2.5,5.3,0.0,0,22.0,8.2,24.5,1018.1,
2024-02-28,4.3,1.3,9.5,0.0,0,204.0,5.7,22.3,1020.8,
2024-02-29,5.9,0.8,12.5,0.0,0,161.0,12.1,36.0,1013.5,
2024-03-01,7.1,1.6,13.6,0.0,0,155.0,9.9,27.7,1005.2,
2024-03-02,9.0,6.5,13.1,0.0,0,140.0,9.4,24.8,1005.2,
2024-03-03,9.0,4.5,14.6,0.0,0,99.0,9.5,27.0,1005.0,
2024-03-04,8.6,4.8,14.5,0.0,0,67.0,7.1,30.6,1010.1,
2024-03-05,4.5,-0.5,9.1,0.0,0,71.0,12.9,36.0,1016.8,
2024-03-06,2.5,-1.0,8.3,0.0,0,75.0,7.8,21.6,1024.7,
2024-03-07,3.5,0.1,7.7,0.0,0,62.0,9.3,26.6,1027.1,
2024-03-08,3.1,-2.3,8.8,0.0,0,93.0,12.0,33.1,1020.2,
2024-03-09,4.4,-0.3,10.3,0.0,0,99.0,12.9,38.2,1009.5,
2024-03-10,7.1,1.7,12.0,0.0,0,85.0,14.3,37.8,1003.4,
2024-03-11,8.8,7.1,12.4,0.0,0,102.0,10.4,32.8,1002.9,
2024-03-12,7.7,3.1,10.6,0.0,0,204.0,6.3,27.4,1012.5,
2024-03-13,7.7,1.5,12.3,0.9,0,189.0,9.0,28.4,1015.0,
2024-03-14,12.1,9.5,17.1,0.0,0,196.0,9.9,31.7,1012.0,
2024-03-15,11.7,9.3,15.7,2.9,0,203.0,10.8,35.6,1007.0,
2024-03-16,8.2,2.4,11.0,2.1,0,267.0,16.7,51.1,1014.1,
2024-03-17,4.5,-1.0,10.3,0.0,0,322.0,6.6,27.4,1023.6,
2024-03-18,5.1,1.1,9.8,0.0,0,124.0,13.1,31.0,1019.9,
2024-03-19,7.0,1.3,12.4,0.0,0,146.0,11.8,33.1,1020.3,
2024-03-20,11.1,7.0,17.1,4.3,0,182.0,4.4,15.8,1019.5,
2024-03-21,8.9,6.0,11.0,0.1,0,264.0,10.0,44.3,1019.8,
2024-03-22,8.9,6.6,11.1,2.1,0,245.0,12.7,38.5,1014.0,
2024-03-23,5.5,2.2,10.9,4.5,0,256.0,11.1,56.2,1005.2,
2024-03-24,5.0,2.4,8.2,2.8,0,232.0,15.6,43.9,998.2,
2024-03-25,5.7,1.9,10.1,0.4,0,272.0,10.8,46.4,1003.8,
2024-03-26,6.7,0.9,10.8,0.0,0,126.0,11.4,38.9,997.7,
2024-03-27,10.3,4.3,18.0,2.1,0,123.0,7.0,22.0,987.6,
2024-03-28,7.6,5.6,13.0,7.2,0,238.0,13.6,56.9,986.7,
2024-03-29,8.8,4.8,13.3,1.2,0,176.0,12.3,36.7,996.6,
2024-03-30,13.2,8.1,18.9,0.0,0,128.0,8.4,34.2,998.2,
2024-03-31,9.8,7.6,13.7,0.0,0,338.0,8.4,26.6,999.2,
2024-04-01,8.4,5.4,10.5,15.2,0,90.0,10.3,51.5,994.8,
2024-04-02,10.1,7.9,13.5,5.1,0,248.0,19.6,47.9,1001.7,
2024-04-03,9.0,6.3,11.3,5.8,0,127.0,9.6,33.8,1005.8,
2024-04-04,10.5,8.0,13.7,7.2,0,214.0,13.3,37.8,1005.1,
2024-04-05,12.5,9.2,16.2,3.5,0,214.0,14.5,45.7,1009.0,
2024-04-06,16.7,10.2,23.4,0.0,0,184.0,10.5,35.3,1012.4,
2024-04-07,18.5,13.2,22.8,2.7,0,204.0,11.0,37.8,1012.6,
2024-04-08,16.1,11.4,22.5,0.0,0,58.0,6.3,23.8,1010.3,
2024-04-09,14.0,9.7,19.8,0.6,0,201.0,10.0,60.5,1008.0,
2024-04-10,11.0,6.8,15.6,0.1,0,247.0,14.1,42.1,1023.5,
2024-04-11,11.4,6.3,15.6,0.3,0,211.0,12.2,34.2,1029.8,
2024-04-12,14.5,10.3,18.7,0.0,0,241.0,12.6,38.5,1028.3,
2024-04-13,16.5,10.3,21.6,0.0,0,233.0,12.3,40.0,1022.0,
2024-04-14,12.2,6.3,17.0,0.0,0,279.0,17.4,50.4,1017.4,
2024-04-15,8.3,3.9,13.7,1.8,0,209.0,10.3,58.0,1006.2,
2024-04-16,6.3,3.2,10.8,2.3,0,273.0,13.7,50.4,999.8,
2024-04-17,6.9,2.3,13.5,0.2,0,309.0,7.1,41.0,1008.4,
2024-04-18,6.1,0.0,13.6,3.4,0,288.0,7.1,52.2,1015.3,
2024-04-19,6.6,3.9,11.3,7.2,0,253.0,15.9,54.0,1004.7,
2024-04-20,4.7,1.4,8.1,1.1,0,0.0,10.4,50.0,1015.4,
2024-04-21,4.3,-0.3,11.2,1.0,0,61.0,9.4,45.7,1023.7,
2024-04-22,3.4,-1.4,10.1,0.0,0,15.0,5.8,32.4,1025.0,
2024-04-23,4.5,-1.8,10.1,1.8,0,245.0,5.6,27.0,1019.2,
2024-04-24,4.9,2.4,9.6,4.3,0,191.0,7.8,28.8,1005.9,
2024-04-25,5.4,3.5,11.2,4.0,0,257.0,5.6,43.9,1003.9,
2024-04-26,6.0,3.5,9.9,6.9,0,175.0,10.0,28.4,1005.0,
2024-04-27,12.3,3.5,19.8,0.0,0,145.0,8.9,29.9,1009.3,
2024-04-28,15.9,9.6,22.5,0.0,0,160.0,12.7,34.2,1010.5,
2024-04-29,14.8,8.2,20.9,0.0,0,176.0,8.1,26.3,1020.9,
2024-04-30,17.7,9.7,25.7,0.0,0,89.0,8.9,27.0,1018.1,
2024-05-01,19.5,10.8,26.2,0.0,0,89.0,11.7,38.9,1010.0,
2024-05-02,19.7,12.7,26.5,0.0,0,94.0,14.3,42.1,1003.8,
2024-05-03,16.7,12.0,22.1,0.0,0,170.0,12.6,49.0,1007.7,
2024-05-04,14.7,10.3,18.8,2.7,0,229.0,6.4,31.0,1015.2,
2024-05-05,12.4,8.5,16.8,0.8,0,203.0,14.0,45.4,1007.8,
2024-05-06,12.7,5.7,19.2,0.0,0,300.0,8.2,27.7,1009.4,
2024-05-07,11.9,6.1,17.2,0.0,0,63.0,7.6,27.4,1018.2,
2024-05-08,11.6,3.9,18.5,0.0,0,38.0,7.4,26.3,1025.9,
2024-05-09,13.7,4.8,21.1,0.0,0,276.0,5.2,25.9,1026.6,
2024-05-10,15.4,9.3,21.9,0.0,0,301.0,6.3,29.5,1024.0,
2024-05-11,14.8,10.1,20.6,0.0,0,13.0,7.9,32.8,1023.9,
2024-05-12,15.1,9.1,21.7,0.0,0,92.0,10.5,33.5,1022.0,
2024-05-13,17.8,9.4,25.6,0.0,0,116.0,13.0,38.9,1015.9,
2024-05-14,19.0,10.9,26.3,0.0,0,112.0,13.6,40.0,1012.0,
2024-05-15,20.0,12.1,26.3,0.0,0,104.0,16.3,48.6,1010.5,
2024-05-16,20.5,14.0,27.0,0.0,0,110.0,18.4,55.1,1008.7,
2024-05-17,19.8,13.5,26.3,0.0,0,91.0,15.0,46.4,1009.2,
2024-05-18,16.4,11.3,23.5,0.1,0,79.0,8.0,29.2,1010.3,
2024-05-19,15.4,11.3,20.7,0.6,0,26.0,5.2,29.9,1009.7,
2024-05-20,14.8,10.7,24.0,16.1,0,65.0,7.0,40.7,1011.2,
2024-05-21,18.3,11.7,24.7,1.6,0,71.0,14.0,40.3,1010.8,
2024-05-22,16.0,14.4,20.0,16.8,0,262.0,13.1,39.2,1007.4,
2024-05-23,17.1,11.7,23.1,0.0,0,260.0,8.6,32.4,1013.3,
2024-05-24,17.3,10.2,23.7,9.2,0,57.0,9.0,37.4,1018.4,
2024-05-25,16.2,12.6,21.7,6.7,0,66.0,5.2,31.0,1017.0,
2024-05-26,18.7,13.7,25.5,0.9,0,87.0,6.3,47.2,1016.7,
2024-05-27,17.2,13.3,23.6,15.0,0,259.0,7.3,24.1,1015.8,
2024-05-28,14.1,10.9,18.9,0.6,0,227.0,9.6,40.7,1015.3,
2024-05-29,14.2,10.9,18.6,7.6,0,167.0,10.0,31.3,1010.6,
2024-05-30,14.7,9.3,21.2,30.6,0,78.0,4.1,19.8,1006.4,
2024-05-31,15.9,13.9,20.2,2.9,0,313.0,8.1,28.8,1007.6,
2024-06-01,18.5,12.7,24.5,0.0,0,357.0,9.8,33.5,1012.7,
2024-06-02,16.3,12.7,19.0,0.0,0,305.0,14.0,41.8,1016.7,
2024-06-03,14.6,11.8,19.4,0.1,0,284.0,11.7,36.4,1017.4,
2024-06-04,15.2,12.7,18.3,0.8,0,224.0,7.3,24.5,1013.6,
2024-06-05,14.7,8.1,19.2,0.7,0,245.0,11.5,43.2,1009.8,
2024-06-06,13.0,6.7,20.5,0.0,0,253.0,7.6,37.1,1016.2,
2024-06-07,14.0,7.4,20.6,0.0,0,245.0,6.5,57.6,1017.4,
2024-06-08,15.1,9.4,22.7,0.3,0,215.0,10.3,52.6,1011.1,
2024-06-09,12.7,8.1,17.6,0.0,0,253.0,13.4,47.9,1008.2,
2024-06-10,11.7,7.9,15.8,9.5,0,211.0,8.4,31.0,1005.8,
2024-06-11,10.9,8.3,14.3,6.0,0,255.0,14.5,54.0,1008.4,
2024-06-12,11.1,8.0,17.3,2.5,0,249.0,10.8,38.2,1015.7,
2024-06-13,11.7,6.5,17.2,0.0,0,231.0,8.4,26.6,1016.9,
2024-06-14,15.7,11.0,22.3,0.3,0,152.0,10.8,32.8,1010.3,
2024-06-15,15.0,11.5,20.1,5.8,0,179.0,13.8,50.0,1004.2,
2024-06-16,15.8,10.8,21.7,0.1,0,175.0,9.5,44.3,1008.0,
2024-06-17,17.0,11.7,23.7,0.0,0,194.0,6.1,29.2,1011.2,
2024-06-18,16.6,11.5,22.7,11.9,0,284.0,4.5,29.9,1014.2,
2024-06-19,15.3,9.8,21.1,0.0,0,323.0,10.0,34.2,1016.4,
2024-06-20,15.5,7.7,21.8,0.0,0,223.0,4.7,21.6,1021.6,
2024-06-21,19.6,15.8,25.5,2.1,0,93.0,8.2,41.4,1012.4,
2024-06-22,18.0,13.7,23.1,0.0,0,259.0,14.2,42.5,1009.8,
2024-06-23,16.9,11.9,23.1,0.0,0,287.0,11.2,34.6,1017.5,
2024-06-24,18.1,10.3,24.4,0.0,0,283.0,4.8,21.6,1020.4,
2024-06-25,21.1,13.3,27.9,0.0,0,99.0,7.6,29.2,1018.1,
2024-06-26,22.9,15.2,29.7,0.0,0,85.0,9.3,29.2,1013.3,
2024-06-27,23.3,18.3,32.4,0.3,0,120.0,9.6,60.1,1008.4,
2024-06-28,20.5,13.3,25.4,0.0,0,241.0,12.0,42.1,1012.0,
2024-06-29,20.2,11.7,27.3,22.7,0,94.0,6.8,29.9,1015.2,
2024-06-30,17.6,13.9,21.1,4.8,0,324.0,11.9,34.2,1005.4,
2024-07-01,14.4,11.8,18.0,9.1,0,255.0,8.0,37.8,1011.3,
2024-07-02,14.2,11.9,18.7,2.1,0,253.0,11.0,29.2,1010.9,
2024-07-03,13.8,11.1,17.6,0.5,0,249.0,11.8,45.4,1008.2,
2024-07-04,14.3,10.3,20.3,2.7,0,228.0,12.7,41.8,1005.1,
2024-07-05,14.6,9.4,19.4,0.0,0,217.0,13.9,49.3,1008.5,
2024-07-06,19.5,13.3,26.4,0.0,0,192.0,16.5,56.9,1002.4,
2024-07-07,16.5,11.3,21.8,0.3,0,230.0,12.3,42.5,1011.1,
2024-07-08,17.9,11.4,24.3,0.0,0,229.0,7.2,31.3,1016.9,
2024-07-09,22.8,16.1,30.1,0.0,0,100.0,9.5,29.2,1017.0,
2024-07-10,21.8,17.7,25.8,18.2,0,218.0,8.7,28.8,1013.7,
2024-07-11,19.9,14.5,25.2,0.0,0,273.0,7.4,27.4,1016.0,
2024-07-12,17.8,12.8,22.5,3.0,0,51.0,12.5,52.2,1011.3,
2024-07-13,15.6,12.3,18.9,0.1,0,227.0,14.1,44.6,1010.1,
2024-07-14,17.3,11.3,23.7,0.0,0,205.0,9.0,32.8,1012.5,
2024-07-15,19.5,12.5,25.9,3.4,0,199.0,6.4,29.5,1012.5,
2024-07-16,19.7,14.6,25.9,2.0,0,202.0,10.3,47.5,1009.7,
2024-07-17,17.0,12.7,21.5,3.2,0,243.0,12.8,41.8,1017.1,
2024-07-18,18.5,11.4,25.5,0.0,0,244.0,4.2,19.1,1023.2,
2024-07-19,21.0,13.7,27.6,0.0,0,88.0,4.4,25.6,1020.5,
2024-07-20,22.9,15.3,29.6,0.0,0,105.0,9.0,29.2,1012.7,
2024-07-21,22.5,17.2,30.8,5.2,0,140.0,9.2,71.6,1007.3,
2024-07-22,18.9,15.4,23.1,0.3,0,279.0,11.5,42.1,1013.1,
2024-07-23,18.9,14.9,24.5,0.3,0,210.0,8.6,34.2,1015.6,
2024-07-24,17.2,10.4,22.4,0.0,0,298.0,13.3,37.1,1017.0,
2024-07-25,16.8,9.5,23.8,1.6,0,233.0,4.9,24.1,1015.6,
2024-07-26,17.8,14.4,23.7,7.6,0,183.0,8.3,34.2,1010.5,
2024-07-27,17.6,14.4,23.0,7.4,0,34.0,5.1,19.1,1014.1,
2024-07-28,17.5,11.9,22.4,1.5,0,283.0,10.4,38.5,1020.6,
2024-07-29,17.6,10.7,24.7,0.0,0,300.0,5.8,26.6,1024.7,
2024-07-30,20.8,11.6,28.9,0.0,0,172.0,6.4,25.6,1018.5,
2024-07-31,20.9,14.6,27.3,0.0,0,16.0,7.3,28.8,1014.8,
2024-08-01,19.9,13.6,26.5,2.1,0,7.0,6.9,32.4,1012.8,
2024-08-02,17.5,13.5,21.4,0.2,0,357.0,8.0,24.1,1011.8,
2024-08-03,19.0,12.0,27.1,3.5,0,224.0,4.4,36.0,1010.7,
2024-08-04,17.9,11.7,22.9,0.0,0,268.0,10.3,43.2,1011.3,
2024-08-05,17.8,11.5,24.4,0.0,0,250.0,5.8,24.1,1015.0,
2024-08-06,20.8,13.0,28.1,0.0,0,142.0,7.8,28.1,1012.8,
2024-08-07,21.1,15.4,29.2,0.3,0,163.0,10.2,49.0,1010.4,
2024-08-08,18.7,13.3,25.4,0.0,0,246.0,7.7,29.9,1014.9,
2024-08-09,18.2,13.8,22.5,2.0,0,204.0,12.3,40.0,1013.4,
2024-08-10,19.1,12.2,25.8,0.0,0,245.0,10.0,38.9,1017.8,
2024-08-11,18.8,12.6,26.0,0.0,0,296.0,9.1,31.3,1021.1,
2024-08-12,19.1,10.6,27.5,0.0,0,73.0,6.0,24.8,1016.8,
2024-08-13,23.6,14.8,32.0,0.0,0,120.0,12.7,36.0,1011.8,
2024-08-14,22.0,18.1,28.0,0.1,0,140.0,7.9,28.8,1010.8,
2024-08-15,20.7,17.8,25.5,0.0,0,241.0,6.4,28.4,1014.4,
2024-08-16,20.4,16.8,25.6,2.1,0,229.0,9.4,39.6,1014.2,
2024-08-17,18.1,14.9,20.0,0.1,0,339.0,6.1,22.7,1013.0,
2024-08-18,15.9,12.0,18.3,1.9,0,30.0,4.9,16.2,1011.5,
2024-08-19,16.6,11.5,23.0,0.0,0,258.0,4.6,22.3,1017.0,
2024-08-20,19.1,11.9,26.1,1.0,0,158.0,8.3,30.2,1013.2,
2024-08-21,16.8,13.2,21.5,0.5,0,248.0,13.8,54.4,1011.3,
2024-08-22,17.5,12.5,22.3,0.0,0,206.0,10.9,39.6,1011.6,
2024-08-23,20.3,15.1,27.0,2.3,0,216.0,16.0,54.4,1006.9,
2024-08-24,22.6,14.7,30.4,3.3,0,169.0,12.4,41.4,1009.0,
2024-08-25,17.5,11.6,22.1,0.0,0,244.0,16.1,52.9,1014.9,
2024-08-26,16.4,10.3,24.3,0.0,0,206.0,7.5,32.0,1021.7,
2024-08-27,18.6,10.8,26.5,0.0,0,284.0,10.95,34.75,1013.6500000000001,
2024-08-28,21.5,12.8,29.8,0.0,0,319.0,7.300000000000001,23.4,1015.3,
2024-08-29,24.6,17.6,33.0,3.1,0,109.0,6.35,32.75,1014.6500000000001,
2024-08-30,16.9,12.3,18.9,0.1,0,149.5,9.7,31.35,1015.85,
2024-08-31,16.2,10.1,22.7,0.0,0,157.5,7.45,27.4,1018.5,
2024-09-01,18.4,12.0,25.3,0.0,0,191.0,7.45,27.35,1020.3499999999999,
2024-09-02,18.9,12.1,26.2,0.0,0,198.0,9.7,35.45,1022.2,
2024-09-03,22.0,15.2,29.7,0.0,0,136.0,7.699999999999999,27.0,1024.4,
2024-09-04,23.3,17.2,31.3,0.0,0,131.5,10.15,28.95,1022.95,
2024-09-05,24.4,18.5,32.6,0.0,0,80.0,16.0,56.9,1014.3,
2024-09-06,22.9,17.7,30.5,0.0,0,87.0,14.8,44.6,1014.7,
2024-09-07,22.7,15.8,31.0,0.0,0,116.0,7.2,24.5,1013.2,
2024-09-08,22.2,16.9,29.6,28.1,0,174.0,8.8,33.5,1008.3,
2024-09-09,17.0,15.1,20.9,3.0,0,279.0,8.5,36.0,1002.5,
2024-09-10,14.9,11.7,18.7,9.9,0,235.0,15.2,39.2,1006.2,
2024-09-11,11.1,6.4,15.8,5.1,0,229.0,13.0,49.0,1002.2,
2024-09-12,9.4,5.3,15.3,0.0,0,223.0,7.0,26.3,1011.1,
2024-09-13,10.2,4.9,16.5,0.0,0,316.0,9.3,35.6,1020.1,
2024-09-14,10.7,5.5,17.2,0.0,0,329.0,13.2,42.8,1026.8,
2024-09-15,11.2,5.5,18.5,0.0,0,331.0,9.2,33.1,1025.4,
2024-09-16,12.7,7.1,17.7,0.0,0,334.0,7.6,32.4,1023.6,
2024-09-17,15.5,12.7,20.1,0.0,0,17.0,11.3,30.6,1028.1,
2024-09-18,16.1,13.6,21.4,0.0,0,43.0,9.9,27.4,1030.1,
2024-09-19,17.2,14.2,22.4,0.0,0,55.0,10.8,31.7,1027.8,
2024-09-20,16.8,13.1,23.4,0.0,0,80.0,12.0,38.2,1026.1,
2024-09-21,15.7,9.3,23.7,0.0,0,92.0,8.7,25.6,1023.2,
2024-09-22,15.7,8.4,24.4,0.0,0,105.0,5.6,21.2,1017.1,
2024-09-23,15.8,8.6,23.0,1.7,0,154.0,4.2,18.4,1009.3,
2024-09-24,14.7,12.0,17.0,4.0,0,197.0,6.6,20.9,1003.5,
2024-09-25,14.0,12.2,16.9,4.9,0,207.0,12.5,38.9,1003.0,
2024-09-26,15.1,12.8,18.8,3.9,0,179.0,14.4,41.8,993.1,
2024-09-27,13.9,10.9,18.2,2.3,0,218.0,23.4,65.9,993.6,
2024-09-28,9.8,5.9,14.4,0.8,0,267.0,13.5,55.1,1012.0,
2024-09-29,8.9,5.4,14.9,0.0,0,227.0,5.6,21.6,1026.6,
2024-09-30,10.4,5.6,15.5,11.6,0,117.0,17.0,48.2,1019.6,
2024-10-01,9.7,8.3,12.0,10.9,0,114.0,14.7,45.0,1009.7,
2024-10-02,9.7,8.3,12.5,0.1,0,45.0,12.0,35.6,1012.0,
2024-10-03,9.9,7.5,12.8,0.0,0,357.0,9.5,29.9,1018.2,
2024-10-04,8.8,4.5,15.3,0.0,0,6.0,7.0,24.8,1021.2,
2024-10-05,7.9,1.8,14.8,0.0,0,52.0,3.6,18.4,1020.8,
2024-10-06,8.5,4.9,14.3,0.3,0,119.0,7.7,29.5,1013.3,
2024-10-07,11.1,6.0,18.7,1.8,0,159.0,11.2,31.0,1004.9,
2024-10-08,14.8,11.0,20.0,0.4,0,161.0,10.0,31.0,1001.0,
2024-10-09,13.5,11.3,15.9,27.9,0,170.0,10.9,32.4,994.3,
2024-10-10,11.7,6.1,14.7,2.8,0,244.0,14.2,54.4,990.7,
2024-10-11,8.0,4.2,13.2,0.2,0,245.0,9.4,43.9,1012.9,
2024-10-12,7.6,2.6,12.6,3.7,0,151.0,11.1,36.4,1015.2,
2024-10-13,9.1,6.9,12.5,1.7,0,242.0,20.2,58.7,1006.7,
2024-10-14,8.5,6.1,12.0,0.0,0,267.0,8.6,37.8,1017.9,
2024-10-15,7.1,2.9,12.6,0.0,0,134.0,5.3,26.3,1024.0,
2024-10-16,9.1,4.2,14.8,0.0,0,123.0,18.2,46.4,1020.3,
2024-10-17,11.8,8.3,15.7,0.0,0,143.0,14.7,41.4,1014.7,
2024-10-18,12.2,9.4,17.3,0.0,0,109.0,5.2,19.4,1015.4,
2024-10-19,13.1,9.1,16.6,0.0,0,161.0,8.7,34.2,1015.2,
2024-10-20,14.2,10.0,18.6,0.4,0,170.0,10.5,34.6,1019.9,
2024-10-21,14.7,11.4,16.6,5.8,0,209.0,11.0,31.3,1021.7,
2024-10-22,11.8,7.8,15.3,0.0,0,237.0,10.0,40.0,1024.8,
2024-10-23,9.4,5.6,15.0,0.0,0,212.0,5.9,18.4,1034.2,
2024-10-24,9.0,3.8,15.2,0.0,0,128.0,8.2,27.4,1029.9,
2024-10-25,11.7,7.1,18.2,0.0,0,160.0,7.8,24.8,1020.6,
2024-10-26,11.8,6.7,18.7,0.0,0,141.0,6.4,20.2,1019.8,
2024-10-27,11.6,8.2,15.2,0.2,0,216.0,8.9,29.9,1019.0,
2024-10-28,11.0,7.4,14.2,0.7,0,211.0,9.7,33.5,1022.5,
2024-10-29,13.0,12.2,14.3,0.5,0,234.0,10.1,25.2,1023.3,
2024-10-30,12.3,9.0,14.7,0.0,0,275.0,9.8,27.4,1026.2,
2024-10-31,11.2,8.0,12.6,0.0,0,250.0,11.6,36.0,1026.2,
2024-11-01,11.5,10.3,12.0,0.4,0,264.0,16.8,37.4,1021.5,
2024-11-02,6.0,0.2,10.2,0.0,0,3.0,6.9,38.5,1030.9,
2024-11-03,4.5,-0.7,10.6,0.0,0,216.0,4.4,17.6,1031.4,
2024-11-04,8.6,7.7,10.0,0.0,0,185.0,4.6,19.1,1030.6,
2024-11-05,7.2,5.9,8.0,0.0,0,129.0,7.1,20.5,1027.0,
2024-11-06,5.4,4.6,6.0,0.2,0,35.0,3.3,14.0,1030.5,
2024-11-07,5.1,4.4,6.0,0.3,0,95.0,3.8,12.2,1035.2,
2024-11-08,5.2,4.8,5.7,0.0,0,107.0,10.2,30.6,1032.7,
2024-11-09,4.9,4.1,5.7,0.0,0,121.0,7.8,23.0,1028.6,
2024-11-10,4.4,3.8,5.1,0.2,0,157.0,4.7,18.4,1028.1,
2024-11-11,6.9,4.8,8.0,6.6,0,156.0,7.8,22.0,1026.4,
2024-11-12,6.9,5.8,8.6,0.0,0,62.0,5.5,20.2,1032.9,
2024-11-13,6.7,5.5,8.2,5.3,0,255.0,5.8,18.0,1029.9,
2024-11-14,8.1,5.4,9.6,0.0,0,296.0,12.6,37.1,1023.5,
2024-11-15,8.3,5.7,10.0,0.0,0,260.0,10.5,28.8,1024.2,
2024-11-16,7.4,6.4,8.1,1.4,0,234.0,16.4,41.8,1015.6,
2024-11-17,6.1,3.2,8.4,2.4,0,251.0,18.8,59.4,1004.9,
2024-11-18,3.8,1.0,6.3,0.0,0,249.0,18.3,48.2,1005.2,
2024-11-19,1.1,0.2,2.0,9.9,0,27.0,11.4,30.2,994.9,
2024-11-20,1.6,0.4,2.8,2.5,0,262.0,11.3,31.7,994.7,
2024-11-21,1.3,-0.4,3.5,0.5,0,232.0,13.6,44.3,994.6,
2024-11-22,1.2,-2.0,3.8,2.8,0,251.0,13.7,48.6,996.8,
2024-11-23,2.3,-0.1,4.9,10.6,0,215.0,13.6,48.2,1014.1,
2024-11-24,10.3,3.3,15.0,0.3,0,200.0,19.6,53.3,1007.8,
2024-11-25,13.7,9.0,16.7,0.5,0,197.0,18.3,44.6,1005.6,
2024-11-26,7.6,4.0,10.4,4.9,0,232.0,12.8,38.2,1014.6,
2024-11-27,6.1,3.1,9.7,12.7,0,184.0,13.1,64.4,1015.4,
2024-11-28,5.6,4.4,6.8,1.6,0,297.0,24.6,64.8,1013.6,
2024-11-29,3.6,-0.5,6.2,0.0,0,218.0,5.5,24.8,1032.8,
2024-11-30,0.8,-1.3,5.4,0.0,0,163.0,10.5,28.4,1030.4,
2024-12-01,0.5,-2.1,5.0,0.0,0,166.0,9.0,23.4,1022.9,
2024-12-02,6.2,1.8,8.9,2.1,0,194.0,11.4,26.6,1013.0,
2024-12-03,6.0,3.7,7.3,1.4,0,242.0,8.5,33.5,1013.5,
2024-12-04,4.2,2.8,5.4,0.3,0,278.0,9.2,22.0,1021.8,
2024-12-05,2.9,0.9,4.5,8.3,0,186.0,15.0,45.4,1018.7,
2024-12-06,5.7,3.0,8.5,1.5,0,213.0,12.9,46.1,1001.1,
2024-12-07,4.5,3.9,6.0,5.4,0,169.0,13.4,41.0,1002.2,
2024-12-08,4.5,3.1,5.6,1.6,0,74.0,10.7,38.2,1011.1,
2024-12-09,4.9,4.4,5.4,2.5,0,155.5,9.25,33.65,1004.75,
2024-12-10,4.4,3.4,4.9,0.0,0,168.0,7.75,27.549999999999997,1004.25,
2024-12-11,2.5,1.0,3.5,0.6,0,241.0,5.45,20.35,1009.1,
2024-12-12,1.8,1.2,2.9,0.2,0,131.5,8.65,23.049999999999997,1006.25,
2024-12-13,0.4,-0.7,1.3,0.0,0,85.5,7.55,22.85,1010.8499999999999,
2024-12-14,1.5,-1.0,4.6,0.7,0,238.0,12.7,36.0,1016.5,
2024-12-15,6.1,3.8,9.7,1.1,0,251.0,19.4,53.6,1018.8,
2024-12-16,9.8,8.9,10.9,1.2,0,264.0,27.3,64.4,1021.6,
2024-12-17,8.7,5.8,9.6,0.0,0,256.0,19.1,51.1,1024.0,
2024-12-18,9.2,5.2,11.9,2.5,0,211.0,18.8,56.9,1011.7,
2024-12-19,8.9,4.0,12.6,4.6,0,240.0,20.8,60.1,996.7,
2024-12-20,4.1,3.1,5.6,1.3,0,259.0,18.0,56.2,1011.2,
2024-12-21,5.9,4.1,7.7,5.6,0,220.0,18.3,46.8,1008.7,
2024-12-22,5.1,2.7,7.5,1.5,0,248.0,16.1,49.0,994.5,
2024-12-23,3.7,1.1,6.7,0.2,0,268.0,17.4,52.9,1005.4,
2024-12-24,2.6,-1.2,5.3,0.0,0,231.0,7.5,27.0,1024.0,
2024-12-25,6.6,4.7,8.3,0.6,0,217.0,7.5,25.2,1032.9,
2024-12-26,6.6,4.3,7.7,0.5,0,196.0,3.5,9.4,1037.3,
2024-12-27,2.9,0.3,4.4,0.0,0,160.0,4.2,17.6,1035.2,
2024-12-28,-0.6,-2.1,0.4,0.0,0,201.0,5.2,17.3,1030.3,
2024-12-29,0.6,-2.2,3.8,0.0,0,232.0,12.1,29.2,1026.6,
2024-12-30,4.7,3.8,5.5,0.0,0,238.0,20.1,45.0,1024.7,
2024-12-31,3.9,2.3,5.6,0.2,0,227.0,19.1,49.7,1022.0,
